research_hospital	research_hospital	research_subject	ct_scan_A1	medical-record	training-programs	$Leaf(164.506(c)(1): covered entity's own TPO)
research_hospital	research_hospital	research_subject	ct_scan_A1	medical-record	training-programs	$Step1(164.506(a): standard TPO use/disclosure (no authorization required), $Leaf(164.506(c)(1): covered entity's own TPO))
research_hospital	research_hospital	research_subject	ct_scan_A2	medical-record	training-programs	$Leaf(164.506(c)(1): covered entity's own TPO)
research_hospital	research_hospital	research_subject	ct_scan_A2	medical-record	training-programs	$Step1(164.506(a): standard TPO use/disclosure (no authorization required), $Leaf(164.506(c)(1): covered entity's own TPO))
research_hospital	research_hospital	research_subject	ct_scan_B1	medical-record	training-programs	$Leaf(164.506(c)(1): covered entity's own TPO)
research_hospital	research_hospital	research_subject	ct_scan_B1	medical-record	training-programs	$Step1(164.506(a): standard TPO use/disclosure (no authorization required), $Leaf(164.506(c)(1): covered entity's own TPO))
research_hospital	research_hospital	research_subject	ct_scan_B2	medical-record	training-programs	$Leaf(164.506(c)(1): covered entity's own TPO)
research_hospital	research_hospital	research_subject	ct_scan_B2	medical-record	training-programs	$Step1(164.506(a): standard TPO use/disclosure (no authorization required), $Leaf(164.506(c)(1): covered entity's own TPO))
research_hospital	research_hospital	research_subject	reidentified_face	medical-record	training-programs	$Leaf(164.506(c)(1): covered entity's own TPO)
research_hospital	research_hospital	research_subject	reidentified_face	medical-record	training-programs	$Step1(164.506(a): standard TPO use/disclosure (no authorization required), $Leaf(164.506(c)(1): covered entity's own TPO))
lead_author	lead_author	research_subject	ct_scan_A1	medical-record	training-programs	$Leaf(164.506(c)(1): covered entity's own TPO)
lead_author	lead_author	research_subject	ct_scan_A1	medical-record	training-programs	$Step1(164.506(a): standard TPO use/disclosure (no authorization required), $Leaf(164.506(c)(1): covered entity's own TPO))
lead_author	lead_author	research_subject	ct_scan_A2	medical-record	training-programs	$Leaf(164.506(c)(1): covered entity's own TPO)
lead_author	lead_author	research_subject	ct_scan_A2	medical-record	training-programs	$Step1(164.506(a): standard TPO use/disclosure (no authorization required), $Leaf(164.506(c)(1): covered entity's own TPO))
lead_author	lead_author	research_subject	ct_scan_B1	medical-record	training-programs	$Leaf(164.506(c)(1): covered entity's own TPO)
lead_author	lead_author	research_subject	ct_scan_B1	medical-record	training-programs	$Step1(164.506(a): standard TPO use/disclosure (no authorization required), $Leaf(164.506(c)(1): covered entity's own TPO))
lead_author	lead_author	research_subject	ct_scan_B2	medical-record	training-programs	$Leaf(164.506(c)(1): covered entity's own TPO)
lead_author	lead_author	research_subject	ct_scan_B2	medical-record	training-programs	$Step1(164.506(a): standard TPO use/disclosure (no authorization required), $Leaf(164.506(c)(1): covered entity's own TPO))
lead_author	lead_author	research_subject	reidentified_face	medical-record	training-programs	$Leaf(164.506(c)(1): covered entity's own TPO)
lead_author	lead_author	research_subject	reidentified_face	medical-record	training-programs	$Step1(164.506(a): standard TPO use/disclosure (no authorization required), $Leaf(164.506(c)(1): covered entity's own TPO))
other_university_hospital	other_university_hospital	research_subject	ct_scan_A1	medical-record	training-programs	$Leaf(164.506(c)(1): covered entity's own TPO)
other_university_hospital	other_university_hospital	research_subject	ct_scan_A1	medical-record	training-programs	$Step1(164.506(a): standard TPO use/disclosure (no authorization required), $Leaf(164.506(c)(1): covered entity's own TPO))
other_university_hospital	other_university_hospital	research_subject	ct_scan_A2	medical-record	training-programs	$Leaf(164.506(c)(1): covered entity's own TPO)
other_university_hospital	other_university_hospital	research_subject	ct_scan_A2	medical-record	training-programs	$Step1(164.506(a): standard TPO use/disclosure (no authorization required), $Leaf(164.506(c)(1): covered entity's own TPO))
other_university_hospital	other_university_hospital	research_subject	ct_scan_B1	medical-record	training-programs	$Leaf(164.506(c)(1): covered entity's own TPO)
other_university_hospital	other_university_hospital	research_subject	ct_scan_B1	medical-record	training-programs	$Step1(164.506(a): standard TPO use/disclosure (no authorization required), $Leaf(164.506(c)(1): covered entity's own TPO))
other_university_hospital	other_university_hospital	research_subject	ct_scan_B2	medical-record	training-programs	$Leaf(164.506(c)(1): covered entity's own TPO)
other_university_hospital	other_university_hospital	research_subject	ct_scan_B2	medical-record	training-programs	$Step1(164.506(a): standard TPO use/disclosure (no authorization required), $Leaf(164.506(c)(1): covered entity's own TPO))
other_university_hospital	other_university_hospital	research_subject	reidentified_face	medical-record	training-programs	$Leaf(164.506(c)(1): covered entity's own TPO)
other_university_hospital	other_university_hospital	research_subject	reidentified_face	medical-record	training-programs	$Step1(164.506(a): standard TPO use/disclosure (no authorization required), $Leaf(164.506(c)(1): covered entity's own TPO))
research_hospital	research_hospital	research_subject	ct_scan_A1	medical-record	healthcare-operations	$Leaf(164.506(c)(1): covered entity's own TPO)
research_hospital	research_hospital	research_subject	ct_scan_A1	medical-record	healthcare-operations	$Step1(164.506(a): standard TPO use/disclosure (no authorization required), $Leaf(164.506(c)(1): covered entity's own TPO))
research_hospital	research_hospital	research_subject	ct_scan_A2	medical-record	healthcare-operations	$Leaf(164.506(c)(1): covered entity's own TPO)
research_hospital	research_hospital	research_subject	ct_scan_A2	medical-record	healthcare-operations	$Step1(164.506(a): standard TPO use/disclosure (no authorization required), $Leaf(164.506(c)(1): covered entity's own TPO))
research_hospital	research_hospital	research_subject	ct_scan_B1	medical-record	healthcare-operations	$Leaf(164.506(c)(1): covered entity's own TPO)
research_hospital	research_hospital	research_subject	ct_scan_B1	medical-record	healthcare-operations	$Step1(164.506(a): standard TPO use/disclosure (no authorization required), $Leaf(164.506(c)(1): covered entity's own TPO))
research_hospital	research_hospital	research_subject	ct_scan_B2	medical-record	healthcare-operations	$Leaf(164.506(c)(1): covered entity's own TPO)
research_hospital	research_hospital	research_subject	ct_scan_B2	medical-record	healthcare-operations	$Step1(164.506(a): standard TPO use/disclosure (no authorization required), $Leaf(164.506(c)(1): covered entity's own TPO))
research_hospital	research_hospital	research_subject	reidentified_face	medical-record	healthcare-operations	$Leaf(164.506(c)(1): covered entity's own TPO)
research_hospital	research_hospital	research_subject	reidentified_face	medical-record	healthcare-operations	$Step1(164.506(a): standard TPO use/disclosure (no authorization required), $Leaf(164.506(c)(1): covered entity's own TPO))
lead_author	lead_author	research_subject	ct_scan_A1	medical-record	healthcare-operations	$Leaf(164.506(c)(1): covered entity's own TPO)
lead_author	lead_author	research_subject	ct_scan_A1	medical-record	healthcare-operations	$Step1(164.506(a): standard TPO use/disclosure (no authorization required), $Leaf(164.506(c)(1): covered entity's own TPO))
lead_author	lead_author	research_subject	ct_scan_A2	medical-record	healthcare-operations	$Leaf(164.506(c)(1): covered entity's own TPO)
lead_author	lead_author	research_subject	ct_scan_A2	medical-record	healthcare-operations	$Step1(164.506(a): standard TPO use/disclosure (no authorization required), $Leaf(164.506(c)(1): covered entity's own TPO))
lead_author	lead_author	research_subject	ct_scan_B1	medical-record	healthcare-operations	$Leaf(164.506(c)(1): covered entity's own TPO)
lead_author	lead_author	research_subject	ct_scan_B1	medical-record	healthcare-operations	$Step1(164.506(a): standard TPO use/disclosure (no authorization required), $Leaf(164.506(c)(1): covered entity's own TPO))
lead_author	lead_author	research_subject	ct_scan_B2	medical-record	healthcare-operations	$Leaf(164.506(c)(1): covered entity's own TPO)
lead_author	lead_author	research_subject	ct_scan_B2	medical-record	healthcare-operations	$Step1(164.506(a): standard TPO use/disclosure (no authorization required), $Leaf(164.506(c)(1): covered entity's own TPO))
lead_author	lead_author	research_subject	reidentified_face	medical-record	healthcare-operations	$Leaf(164.506(c)(1): covered entity's own TPO)
lead_author	lead_author	research_subject	reidentified_face	medical-record	healthcare-operations	$Step1(164.506(a): standard TPO use/disclosure (no authorization required), $Leaf(164.506(c)(1): covered entity's own TPO))
other_university_hospital	other_university_hospital	research_subject	ct_scan_A1	medical-record	healthcare-operations	$Leaf(164.506(c)(1): covered entity's own TPO)
other_university_hospital	other_university_hospital	research_subject	ct_scan_A1	medical-record	healthcare-operations	$Step1(164.506(a): standard TPO use/disclosure (no authorization required), $Leaf(164.506(c)(1): covered entity's own TPO))
other_university_hospital	other_university_hospital	research_subject	ct_scan_A2	medical-record	healthcare-operations	$Leaf(164.506(c)(1): covered entity's own TPO)
other_university_hospital	other_university_hospital	research_subject	ct_scan_A2	medical-record	healthcare-operations	$Step1(164.506(a): standard TPO use/disclosure (no authorization required), $Leaf(164.506(c)(1): covered entity's own TPO))
other_university_hospital	other_university_hospital	research_subject	ct_scan_B1	medical-record	healthcare-operations	$Leaf(164.506(c)(1): covered entity's own TPO)
other_university_hospital	other_university_hospital	research_subject	ct_scan_B1	medical-record	healthcare-operations	$Step1(164.506(a): standard TPO use/disclosure (no authorization required), $Leaf(164.506(c)(1): covered entity's own TPO))
other_university_hospital	other_university_hospital	research_subject	ct_scan_B2	medical-record	healthcare-operations	$Leaf(164.506(c)(1): covered entity's own TPO)
other_university_hospital	other_university_hospital	research_subject	ct_scan_B2	medical-record	healthcare-operations	$Step1(164.506(a): standard TPO use/disclosure (no authorization required), $Leaf(164.506(c)(1): covered entity's own TPO))
other_university_hospital	other_university_hospital	research_subject	reidentified_face	medical-record	healthcare-operations	$Leaf(164.506(c)(1): covered entity's own TPO)
other_university_hospital	other_university_hospital	research_subject	reidentified_face	medical-record	healthcare-operations	$Step1(164.506(a): standard TPO use/disclosure (no authorization required), $Leaf(164.506(c)(1): covered entity's own TPO))
research_hospital	research_hospital	research_subject	ct_scan_A1	medical-record	payment	$Leaf(164.506(c)(1): covered entity's own TPO)
research_hospital	research_hospital	research_subject	ct_scan_A1	medical-record	payment	$Leaf(164.506(c)(3): payment activities of receiving entity)
research_hospital	research_hospital	research_subject	ct_scan_A1	medical-record	payment	$Step1(164.506(a): standard TPO use/disclosure (no authorization required), $Leaf(164.506(c)(1): covered entity's own TPO))
research_hospital	research_hospital	research_subject	ct_scan_A1	medical-record	payment	$Step1(164.506(a): standard TPO use/disclosure (no authorization required), $Leaf(164.506(c)(3): payment activities of receiving entity))
research_hospital	research_hospital	research_subject	ct_scan_A2	medical-record	payment	$Leaf(164.506(c)(1): covered entity's own TPO)
research_hospital	research_hospital	research_subject	ct_scan_A2	medical-record	payment	$Leaf(164.506(c)(3): payment activities of receiving entity)
research_hospital	research_hospital	research_subject	ct_scan_A2	medical-record	payment	$Step1(164.506(a): standard TPO use/disclosure (no authorization required), $Leaf(164.506(c)(1): covered entity's own TPO))
research_hospital	research_hospital	research_subject	ct_scan_A2	medical-record	payment	$Step1(164.506(a): standard TPO use/disclosure (no authorization required), $Leaf(164.506(c)(3): payment activities of receiving entity))
research_hospital	research_hospital	research_subject	ct_scan_B1	medical-record	payment	$Leaf(164.506(c)(1): covered entity's own TPO)
research_hospital	research_hospital	research_subject	ct_scan_B1	medical-record	payment	$Leaf(164.506(c)(3): payment activities of receiving entity)
research_hospital	research_hospital	research_subject	ct_scan_B1	medical-record	payment	$Step1(164.506(a): standard TPO use/disclosure (no authorization required), $Leaf(164.506(c)(1): covered entity's own TPO))
research_hospital	research_hospital	research_subject	ct_scan_B1	medical-record	payment	$Step1(164.506(a): standard TPO use/disclosure (no authorization required), $Leaf(164.506(c)(3): payment activities of receiving entity))
research_hospital	research_hospital	research_subject	ct_scan_B2	medical-record	payment	$Leaf(164.506(c)(1): covered entity's own TPO)
research_hospital	research_hospital	research_subject	ct_scan_B2	medical-record	payment	$Leaf(164.506(c)(3): payment activities of receiving entity)
research_hospital	research_hospital	research_subject	ct_scan_B2	medical-record	payment	$Step1(164.506(a): standard TPO use/disclosure (no authorization required), $Leaf(164.506(c)(1): covered entity's own TPO))
research_hospital	research_hospital	research_subject	ct_scan_B2	medical-record	payment	$Step1(164.506(a): standard TPO use/disclosure (no authorization required), $Leaf(164.506(c)(3): payment activities of receiving entity))
research_hospital	research_hospital	research_subject	reidentified_face	medical-record	payment	$Leaf(164.506(c)(1): covered entity's own TPO)
research_hospital	research_hospital	research_subject	reidentified_face	medical-record	payment	$Leaf(164.506(c)(3): payment activities of receiving entity)
research_hospital	research_hospital	research_subject	reidentified_face	medical-record	payment	$Step1(164.506(a): standard TPO use/disclosure (no authorization required), $Leaf(164.506(c)(1): covered entity's own TPO))
research_hospital	research_hospital	research_subject	reidentified_face	medical-record	payment	$Step1(164.506(a): standard TPO use/disclosure (no authorization required), $Leaf(164.506(c)(3): payment activities of receiving entity))
research_hospital	lead_author	research_subject	ct_scan_A1	medical-record	payment	$Leaf(164.506(c)(3): payment activities of receiving entity)
research_hospital	lead_author	research_subject	ct_scan_A1	medical-record	payment	$Step1(164.506(a): standard TPO use/disclosure (no authorization required), $Leaf(164.506(c)(3): payment activities of receiving entity))
research_hospital	lead_author	research_subject	ct_scan_A2	medical-record	payment	$Leaf(164.506(c)(3): payment activities of receiving entity)
research_hospital	lead_author	research_subject	ct_scan_A2	medical-record	payment	$Step1(164.506(a): standard TPO use/disclosure (no authorization required), $Leaf(164.506(c)(3): payment activities of receiving entity))
research_hospital	lead_author	research_subject	ct_scan_B1	medical-record	payment	$Leaf(164.506(c)(3): payment activities of receiving entity)
research_hospital	lead_author	research_subject	ct_scan_B1	medical-record	payment	$Step1(164.506(a): standard TPO use/disclosure (no authorization required), $Leaf(164.506(c)(3): payment activities of receiving entity))
research_hospital	lead_author	research_subject	ct_scan_B2	medical-record	payment	$Leaf(164.506(c)(3): payment activities of receiving entity)
research_hospital	lead_author	research_subject	ct_scan_B2	medical-record	payment	$Step1(164.506(a): standard TPO use/disclosure (no authorization required), $Leaf(164.506(c)(3): payment activities of receiving entity))
research_hospital	lead_author	research_subject	reidentified_face	medical-record	payment	$Leaf(164.506(c)(3): payment activities of receiving entity)
research_hospital	lead_author	research_subject	reidentified_face	medical-record	payment	$Step1(164.506(a): standard TPO use/disclosure (no authorization required), $Leaf(164.506(c)(3): payment activities of receiving entity))
research_hospital	other_university_hospital	research_subject	ct_scan_A1	medical-record	payment	$Leaf(164.506(c)(3): payment activities of receiving entity)
research_hospital	other_university_hospital	research_subject	ct_scan_A1	medical-record	payment	$Step1(164.506(a): standard TPO use/disclosure (no authorization required), $Leaf(164.506(c)(3): payment activities of receiving entity))
research_hospital	other_university_hospital	research_subject	ct_scan_A2	medical-record	payment	$Leaf(164.506(c)(3): payment activities of receiving entity)
research_hospital	other_university_hospital	research_subject	ct_scan_A2	medical-record	payment	$Step1(164.506(a): standard TPO use/disclosure (no authorization required), $Leaf(164.506(c)(3): payment activities of receiving entity))
research_hospital	other_university_hospital	research_subject	ct_scan_B1	medical-record	payment	$Leaf(164.506(c)(3): payment activities of receiving entity)
research_hospital	other_university_hospital	research_subject	ct_scan_B1	medical-record	payment	$Step1(164.506(a): standard TPO use/disclosure (no authorization required), $Leaf(164.506(c)(3): payment activities of receiving entity))
research_hospital	other_university_hospital	research_subject	ct_scan_B2	medical-record	payment	$Leaf(164.506(c)(3): payment activities of receiving entity)
research_hospital	other_university_hospital	research_subject	ct_scan_B2	medical-record	payment	$Step1(164.506(a): standard TPO use/disclosure (no authorization required), $Leaf(164.506(c)(3): payment activities of receiving entity))
research_hospital	other_university_hospital	research_subject	reidentified_face	medical-record	payment	$Leaf(164.506(c)(3): payment activities of receiving entity)
research_hospital	other_university_hospital	research_subject	reidentified_face	medical-record	payment	$Step1(164.506(a): standard TPO use/disclosure (no authorization required), $Leaf(164.506(c)(3): payment activities of receiving entity))
lead_author	research_hospital	research_subject	ct_scan_A1	medical-record	payment	$Leaf(164.506(c)(3): payment activities of receiving entity)
lead_author	research_hospital	research_subject	ct_scan_A1	medical-record	payment	$Step1(164.506(a): standard TPO use/disclosure (no authorization required), $Leaf(164.506(c)(3): payment activities of receiving entity))
lead_author	research_hospital	research_subject	ct_scan_A2	medical-record	payment	$Leaf(164.506(c)(3): payment activities of receiving entity)
lead_author	research_hospital	research_subject	ct_scan_A2	medical-record	payment	$Step1(164.506(a): standard TPO use/disclosure (no authorization required), $Leaf(164.506(c)(3): payment activities of receiving entity))
lead_author	research_hospital	research_subject	ct_scan_B1	medical-record	payment	$Leaf(164.506(c)(3): payment activities of receiving entity)
lead_author	research_hospital	research_subject	ct_scan_B1	medical-record	payment	$Step1(164.506(a): standard TPO use/disclosure (no authorization required), $Leaf(164.506(c)(3): payment activities of receiving entity))
lead_author	research_hospital	research_subject	ct_scan_B2	medical-record	payment	$Leaf(164.506(c)(3): payment activities of receiving entity)
lead_author	research_hospital	research_subject	ct_scan_B2	medical-record	payment	$Step1(164.506(a): standard TPO use/disclosure (no authorization required), $Leaf(164.506(c)(3): payment activities of receiving entity))
lead_author	research_hospital	research_subject	reidentified_face	medical-record	payment	$Leaf(164.506(c)(3): payment activities of receiving entity)
lead_author	research_hospital	research_subject	reidentified_face	medical-record	payment	$Step1(164.506(a): standard TPO use/disclosure (no authorization required), $Leaf(164.506(c)(3): payment activities of receiving entity))
lead_author	lead_author	research_subject	ct_scan_A1	medical-record	payment	$Leaf(164.506(c)(1): covered entity's own TPO)
lead_author	lead_author	research_subject	ct_scan_A1	medical-record	payment	$Leaf(164.506(c)(3): payment activities of receiving entity)
lead_author	lead_author	research_subject	ct_scan_A1	medical-record	payment	$Step1(164.506(a): standard TPO use/disclosure (no authorization required), $Leaf(164.506(c)(1): covered entity's own TPO))
lead_author	lead_author	research_subject	ct_scan_A1	medical-record	payment	$Step1(164.506(a): standard TPO use/disclosure (no authorization required), $Leaf(164.506(c)(3): payment activities of receiving entity))
lead_author	lead_author	research_subject	ct_scan_A2	medical-record	payment	$Leaf(164.506(c)(1): covered entity's own TPO)
lead_author	lead_author	research_subject	ct_scan_A2	medical-record	payment	$Leaf(164.506(c)(3): payment activities of receiving entity)
lead_author	lead_author	research_subject	ct_scan_A2	medical-record	payment	$Step1(164.506(a): standard TPO use/disclosure (no authorization required), $Leaf(164.506(c)(1): covered entity's own TPO))
lead_author	lead_author	research_subject	ct_scan_A2	medical-record	payment	$Step1(164.506(a): standard TPO use/disclosure (no authorization required), $Leaf(164.506(c)(3): payment activities of receiving entity))
lead_author	lead_author	research_subject	ct_scan_B1	medical-record	payment	$Leaf(164.506(c)(1): covered entity's own TPO)
lead_author	lead_author	research_subject	ct_scan_B1	medical-record	payment	$Leaf(164.506(c)(3): payment activities of receiving entity)
lead_author	lead_author	research_subject	ct_scan_B1	medical-record	payment	$Step1(164.506(a): standard TPO use/disclosure (no authorization required), $Leaf(164.506(c)(1): covered entity's own TPO))
lead_author	lead_author	research_subject	ct_scan_B1	medical-record	payment	$Step1(164.506(a): standard TPO use/disclosure (no authorization required), $Leaf(164.506(c)(3): payment activities of receiving entity))
lead_author	lead_author	research_subject	ct_scan_B2	medical-record	payment	$Leaf(164.506(c)(1): covered entity's own TPO)
lead_author	lead_author	research_subject	ct_scan_B2	medical-record	payment	$Leaf(164.506(c)(3): payment activities of receiving entity)
lead_author	lead_author	research_subject	ct_scan_B2	medical-record	payment	$Step1(164.506(a): standard TPO use/disclosure (no authorization required), $Leaf(164.506(c)(1): covered entity's own TPO))
lead_author	lead_author	research_subject	ct_scan_B2	medical-record	payment	$Step1(164.506(a): standard TPO use/disclosure (no authorization required), $Leaf(164.506(c)(3): payment activities of receiving entity))
lead_author	lead_author	research_subject	reidentified_face	medical-record	payment	$Leaf(164.506(c)(1): covered entity's own TPO)
lead_author	lead_author	research_subject	reidentified_face	medical-record	payment	$Leaf(164.506(c)(3): payment activities of receiving entity)
lead_author	lead_author	research_subject	reidentified_face	medical-record	payment	$Step1(164.506(a): standard TPO use/disclosure (no authorization required), $Leaf(164.506(c)(1): covered entity's own TPO))
lead_author	lead_author	research_subject	reidentified_face	medical-record	payment	$Step1(164.506(a): standard TPO use/disclosure (no authorization required), $Leaf(164.506(c)(3): payment activities of receiving entity))
lead_author	other_university_hospital	research_subject	ct_scan_A1	medical-record	payment	$Leaf(164.506(c)(3): payment activities of receiving entity)
lead_author	other_university_hospital	research_subject	ct_scan_A1	medical-record	payment	$Step1(164.506(a): standard TPO use/disclosure (no authorization required), $Leaf(164.506(c)(3): payment activities of receiving entity))
lead_author	other_university_hospital	research_subject	ct_scan_A2	medical-record	payment	$Leaf(164.506(c)(3): payment activities of receiving entity)
lead_author	other_university_hospital	research_subject	ct_scan_A2	medical-record	payment	$Step1(164.506(a): standard TPO use/disclosure (no authorization required), $Leaf(164.506(c)(3): payment activities of receiving entity))
lead_author	other_university_hospital	research_subject	ct_scan_B1	medical-record	payment	$Leaf(164.506(c)(3): payment activities of receiving entity)
lead_author	other_university_hospital	research_subject	ct_scan_B1	medical-record	payment	$Step1(164.506(a): standard TPO use/disclosure (no authorization required), $Leaf(164.506(c)(3): payment activities of receiving entity))
lead_author	other_university_hospital	research_subject	ct_scan_B2	medical-record	payment	$Leaf(164.506(c)(3): payment activities of receiving entity)
lead_author	other_university_hospital	research_subject	ct_scan_B2	medical-record	payment	$Step1(164.506(a): standard TPO use/disclosure (no authorization required), $Leaf(164.506(c)(3): payment activities of receiving entity))
lead_author	other_university_hospital	research_subject	reidentified_face	medical-record	payment	$Leaf(164.506(c)(3): payment activities of receiving entity)
lead_author	other_university_hospital	research_subject	reidentified_face	medical-record	payment	$Step1(164.506(a): standard TPO use/disclosure (no authorization required), $Leaf(164.506(c)(3): payment activities of receiving entity))
other_university_hospital	research_hospital	research_subject	ct_scan_A1	medical-record	payment	$Leaf(164.506(c)(3): payment activities of receiving entity)
other_university_hospital	research_hospital	research_subject	ct_scan_A1	medical-record	payment	$Step1(164.506(a): standard TPO use/disclosure (no authorization required), $Leaf(164.506(c)(3): payment activities of receiving entity))
other_university_hospital	research_hospital	research_subject	ct_scan_A2	medical-record	payment	$Leaf(164.506(c)(3): payment activities of receiving entity)
other_university_hospital	research_hospital	research_subject	ct_scan_A2	medical-record	payment	$Step1(164.506(a): standard TPO use/disclosure (no authorization required), $Leaf(164.506(c)(3): payment activities of receiving entity))
other_university_hospital	research_hospital	research_subject	ct_scan_B1	medical-record	payment	$Leaf(164.506(c)(3): payment activities of receiving entity)
other_university_hospital	research_hospital	research_subject	ct_scan_B1	medical-record	payment	$Step1(164.506(a): standard TPO use/disclosure (no authorization required), $Leaf(164.506(c)(3): payment activities of receiving entity))
other_university_hospital	research_hospital	research_subject	ct_scan_B2	medical-record	payment	$Leaf(164.506(c)(3): payment activities of receiving entity)
other_university_hospital	research_hospital	research_subject	ct_scan_B2	medical-record	payment	$Step1(164.506(a): standard TPO use/disclosure (no authorization required), $Leaf(164.506(c)(3): payment activities of receiving entity))
other_university_hospital	research_hospital	research_subject	reidentified_face	medical-record	payment	$Leaf(164.506(c)(3): payment activities of receiving entity)
other_university_hospital	research_hospital	research_subject	reidentified_face	medical-record	payment	$Step1(164.506(a): standard TPO use/disclosure (no authorization required), $Leaf(164.506(c)(3): payment activities of receiving entity))
other_university_hospital	lead_author	research_subject	ct_scan_A1	medical-record	payment	$Leaf(164.506(c)(3): payment activities of receiving entity)
other_university_hospital	lead_author	research_subject	ct_scan_A1	medical-record	payment	$Step1(164.506(a): standard TPO use/disclosure (no authorization required), $Leaf(164.506(c)(3): payment activities of receiving entity))
other_university_hospital	lead_author	research_subject	ct_scan_A2	medical-record	payment	$Leaf(164.506(c)(3): payment activities of receiving entity)
other_university_hospital	lead_author	research_subject	ct_scan_A2	medical-record	payment	$Step1(164.506(a): standard TPO use/disclosure (no authorization required), $Leaf(164.506(c)(3): payment activities of receiving entity))
other_university_hospital	lead_author	research_subject	ct_scan_B1	medical-record	payment	$Leaf(164.506(c)(3): payment activities of receiving entity)
other_university_hospital	lead_author	research_subject	ct_scan_B1	medical-record	payment	$Step1(164.506(a): standard TPO use/disclosure (no authorization required), $Leaf(164.506(c)(3): payment activities of receiving entity))
other_university_hospital	lead_author	research_subject	ct_scan_B2	medical-record	payment	$Leaf(164.506(c)(3): payment activities of receiving entity)
other_university_hospital	lead_author	research_subject	ct_scan_B2	medical-record	payment	$Step1(164.506(a): standard TPO use/disclosure (no authorization required), $Leaf(164.506(c)(3): payment activities of receiving entity))
other_university_hospital	lead_author	research_subject	reidentified_face	medical-record	payment	$Leaf(164.506(c)(3): payment activities of receiving entity)
other_university_hospital	lead_author	research_subject	reidentified_face	medical-record	payment	$Step1(164.506(a): standard TPO use/disclosure (no authorization required), $Leaf(164.506(c)(3): payment activities of receiving entity))
other_university_hospital	other_university_hospital	research_subject	ct_scan_A1	medical-record	payment	$Leaf(164.506(c)(1): covered entity's own TPO)
other_university_hospital	other_university_hospital	research_subject	ct_scan_A1	medical-record	payment	$Leaf(164.506(c)(3): payment activities of receiving entity)
other_university_hospital	other_university_hospital	research_subject	ct_scan_A1	medical-record	payment	$Step1(164.506(a): standard TPO use/disclosure (no authorization required), $Leaf(164.506(c)(1): covered entity's own TPO))
other_university_hospital	other_university_hospital	research_subject	ct_scan_A1	medical-record	payment	$Step1(164.506(a): standard TPO use/disclosure (no authorization required), $Leaf(164.506(c)(3): payment activities of receiving entity))
other_university_hospital	other_university_hospital	research_subject	ct_scan_A2	medical-record	payment	$Leaf(164.506(c)(1): covered entity's own TPO)
other_university_hospital	other_university_hospital	research_subject	ct_scan_A2	medical-record	payment	$Leaf(164.506(c)(3): payment activities of receiving entity)
other_university_hospital	other_university_hospital	research_subject	ct_scan_A2	medical-record	payment	$Step1(164.506(a): standard TPO use/disclosure (no authorization required), $Leaf(164.506(c)(1): covered entity's own TPO))
other_university_hospital	other_university_hospital	research_subject	ct_scan_A2	medical-record	payment	$Step1(164.506(a): standard TPO use/disclosure (no authorization required), $Leaf(164.506(c)(3): payment activities of receiving entity))
other_university_hospital	other_university_hospital	research_subject	ct_scan_B1	medical-record	payment	$Leaf(164.506(c)(1): covered entity's own TPO)
other_university_hospital	other_university_hospital	research_subject	ct_scan_B1	medical-record	payment	$Leaf(164.506(c)(3): payment activities of receiving entity)
other_university_hospital	other_university_hospital	research_subject	ct_scan_B1	medical-record	payment	$Step1(164.506(a): standard TPO use/disclosure (no authorization required), $Leaf(164.506(c)(1): covered entity's own TPO))
other_university_hospital	other_university_hospital	research_subject	ct_scan_B1	medical-record	payment	$Step1(164.506(a): standard TPO use/disclosure (no authorization required), $Leaf(164.506(c)(3): payment activities of receiving entity))
other_university_hospital	other_university_hospital	research_subject	ct_scan_B2	medical-record	payment	$Leaf(164.506(c)(1): covered entity's own TPO)
other_university_hospital	other_university_hospital	research_subject	ct_scan_B2	medical-record	payment	$Leaf(164.506(c)(3): payment activities of receiving entity)
other_university_hospital	other_university_hospital	research_subject	ct_scan_B2	medical-record	payment	$Step1(164.506(a): standard TPO use/disclosure (no authorization required), $Leaf(164.506(c)(1): covered entity's own TPO))
other_university_hospital	other_university_hospital	research_subject	ct_scan_B2	medical-record	payment	$Step1(164.506(a): standard TPO use/disclosure (no authorization required), $Leaf(164.506(c)(3): payment activities of receiving entity))
other_university_hospital	other_university_hospital	research_subject	reidentified_face	medical-record	payment	$Leaf(164.506(c)(1): covered entity's own TPO)
other_university_hospital	other_university_hospital	research_subject	reidentified_face	medical-record	payment	$Leaf(164.506(c)(3): payment activities of receiving entity)
other_university_hospital	other_university_hospital	research_subject	reidentified_face	medical-record	payment	$Step1(164.506(a): standard TPO use/disclosure (no authorization required), $Leaf(164.506(c)(1): covered entity's own TPO))
other_university_hospital	other_university_hospital	research_subject	reidentified_face	medical-record	payment	$Step1(164.506(a): standard TPO use/disclosure (no authorization required), $Leaf(164.506(c)(3): payment activities of receiving entity))
research_hospital	research_hospital	research_subject	ct_scan_A1	medical-record	treatment	$Leaf(164.506(c)(1): covered entity's own TPO)
research_hospital	research_hospital	research_subject	ct_scan_A1	medical-record	treatment	$Step1(164.506(a): standard TPO use/disclosure (no authorization required), $Leaf(164.506(c)(1): covered entity's own TPO))
research_hospital	research_hospital	research_subject	ct_scan_A2	medical-record	treatment	$Leaf(164.506(c)(1): covered entity's own TPO)
research_hospital	research_hospital	research_subject	ct_scan_A2	medical-record	treatment	$Step1(164.506(a): standard TPO use/disclosure (no authorization required), $Leaf(164.506(c)(1): covered entity's own TPO))
research_hospital	research_hospital	research_subject	ct_scan_B1	medical-record	treatment	$Leaf(164.506(c)(1): covered entity's own TPO)
research_hospital	research_hospital	research_subject	ct_scan_B1	medical-record	treatment	$Step1(164.506(a): standard TPO use/disclosure (no authorization required), $Leaf(164.506(c)(1): covered entity's own TPO))
research_hospital	research_hospital	research_subject	ct_scan_B2	medical-record	treatment	$Leaf(164.506(c)(1): covered entity's own TPO)
research_hospital	research_hospital	research_subject	ct_scan_B2	medical-record	treatment	$Step1(164.506(a): standard TPO use/disclosure (no authorization required), $Leaf(164.506(c)(1): covered entity's own TPO))
research_hospital	research_hospital	research_subject	reidentified_face	medical-record	treatment	$Leaf(164.506(c)(1): covered entity's own TPO)
research_hospital	research_hospital	research_subject	reidentified_face	medical-record	treatment	$Step1(164.506(a): standard TPO use/disclosure (no authorization required), $Leaf(164.506(c)(1): covered entity's own TPO))
research_hospital	lead_author	research_subject	ct_scan_A1	medical-record	treatment	$Leaf(164.506(c)(2): treatment activities of health care provider)
research_hospital	lead_author	research_subject	ct_scan_A1	medical-record	treatment	$Step1(164.506(a): standard TPO use/disclosure (no authorization required), $Leaf(164.506(c)(2): treatment activities of health care provider))
research_hospital	lead_author	research_subject	ct_scan_A2	medical-record	treatment	$Leaf(164.506(c)(2): treatment activities of health care provider)
research_hospital	lead_author	research_subject	ct_scan_A2	medical-record	treatment	$Step1(164.506(a): standard TPO use/disclosure (no authorization required), $Leaf(164.506(c)(2): treatment activities of health care provider))
research_hospital	lead_author	research_subject	ct_scan_B1	medical-record	treatment	$Leaf(164.506(c)(2): treatment activities of health care provider)
research_hospital	lead_author	research_subject	ct_scan_B1	medical-record	treatment	$Step1(164.506(a): standard TPO use/disclosure (no authorization required), $Leaf(164.506(c)(2): treatment activities of health care provider))
research_hospital	lead_author	research_subject	ct_scan_B2	medical-record	treatment	$Leaf(164.506(c)(2): treatment activities of health care provider)
research_hospital	lead_author	research_subject	ct_scan_B2	medical-record	treatment	$Step1(164.506(a): standard TPO use/disclosure (no authorization required), $Leaf(164.506(c)(2): treatment activities of health care provider))
research_hospital	lead_author	research_subject	reidentified_face	medical-record	treatment	$Leaf(164.506(c)(2): treatment activities of health care provider)
research_hospital	lead_author	research_subject	reidentified_face	medical-record	treatment	$Step1(164.506(a): standard TPO use/disclosure (no authorization required), $Leaf(164.506(c)(2): treatment activities of health care provider))
lead_author	lead_author	research_subject	ct_scan_A1	medical-record	treatment	$Leaf(164.506(c)(1): covered entity's own TPO)
lead_author	lead_author	research_subject	ct_scan_A1	medical-record	treatment	$Leaf(164.506(c)(2): treatment activities of health care provider)
lead_author	lead_author	research_subject	ct_scan_A1	medical-record	treatment	$Step1(164.506(a): standard TPO use/disclosure (no authorization required), $Leaf(164.506(c)(1): covered entity's own TPO))
lead_author	lead_author	research_subject	ct_scan_A1	medical-record	treatment	$Step1(164.506(a): standard TPO use/disclosure (no authorization required), $Leaf(164.506(c)(2): treatment activities of health care provider))
lead_author	lead_author	research_subject	ct_scan_A2	medical-record	treatment	$Leaf(164.506(c)(1): covered entity's own TPO)
lead_author	lead_author	research_subject	ct_scan_A2	medical-record	treatment	$Leaf(164.506(c)(2): treatment activities of health care provider)
lead_author	lead_author	research_subject	ct_scan_A2	medical-record	treatment	$Step1(164.506(a): standard TPO use/disclosure (no authorization required), $Leaf(164.506(c)(1): covered entity's own TPO))
lead_author	lead_author	research_subject	ct_scan_A2	medical-record	treatment	$Step1(164.506(a): standard TPO use/disclosure (no authorization required), $Leaf(164.506(c)(2): treatment activities of health care provider))
lead_author	lead_author	research_subject	ct_scan_B1	medical-record	treatment	$Leaf(164.506(c)(1): covered entity's own TPO)
lead_author	lead_author	research_subject	ct_scan_B1	medical-record	treatment	$Leaf(164.506(c)(2): treatment activities of health care provider)
lead_author	lead_author	research_subject	ct_scan_B1	medical-record	treatment	$Step1(164.506(a): standard TPO use/disclosure (no authorization required), $Leaf(164.506(c)(1): covered entity's own TPO))
lead_author	lead_author	research_subject	ct_scan_B1	medical-record	treatment	$Step1(164.506(a): standard TPO use/disclosure (no authorization required), $Leaf(164.506(c)(2): treatment activities of health care provider))
lead_author	lead_author	research_subject	ct_scan_B2	medical-record	treatment	$Leaf(164.506(c)(1): covered entity's own TPO)
lead_author	lead_author	research_subject	ct_scan_B2	medical-record	treatment	$Leaf(164.506(c)(2): treatment activities of health care provider)
lead_author	lead_author	research_subject	ct_scan_B2	medical-record	treatment	$Step1(164.506(a): standard TPO use/disclosure (no authorization required), $Leaf(164.506(c)(1): covered entity's own TPO))
lead_author	lead_author	research_subject	ct_scan_B2	medical-record	treatment	$Step1(164.506(a): standard TPO use/disclosure (no authorization required), $Leaf(164.506(c)(2): treatment activities of health care provider))
lead_author	lead_author	research_subject	reidentified_face	medical-record	treatment	$Leaf(164.506(c)(1): covered entity's own TPO)
lead_author	lead_author	research_subject	reidentified_face	medical-record	treatment	$Leaf(164.506(c)(2): treatment activities of health care provider)
lead_author	lead_author	research_subject	reidentified_face	medical-record	treatment	$Step1(164.506(a): standard TPO use/disclosure (no authorization required), $Leaf(164.506(c)(1): covered entity's own TPO))
lead_author	lead_author	research_subject	reidentified_face	medical-record	treatment	$Step1(164.506(a): standard TPO use/disclosure (no authorization required), $Leaf(164.506(c)(2): treatment activities of health care provider))
other_university_hospital	lead_author	research_subject	ct_scan_A1	medical-record	treatment	$Leaf(164.506(c)(2): treatment activities of health care provider)
other_university_hospital	lead_author	research_subject	ct_scan_A1	medical-record	treatment	$Step1(164.506(a): standard TPO use/disclosure (no authorization required), $Leaf(164.506(c)(2): treatment activities of health care provider))
other_university_hospital	lead_author	research_subject	ct_scan_A2	medical-record	treatment	$Leaf(164.506(c)(2): treatment activities of health care provider)
other_university_hospital	lead_author	research_subject	ct_scan_A2	medical-record	treatment	$Step1(164.506(a): standard TPO use/disclosure (no authorization required), $Leaf(164.506(c)(2): treatment activities of health care provider))
other_university_hospital	lead_author	research_subject	ct_scan_B1	medical-record	treatment	$Leaf(164.506(c)(2): treatment activities of health care provider)
other_university_hospital	lead_author	research_subject	ct_scan_B1	medical-record	treatment	$Step1(164.506(a): standard TPO use/disclosure (no authorization required), $Leaf(164.506(c)(2): treatment activities of health care provider))
other_university_hospital	lead_author	research_subject	ct_scan_B2	medical-record	treatment	$Leaf(164.506(c)(2): treatment activities of health care provider)
other_university_hospital	lead_author	research_subject	ct_scan_B2	medical-record	treatment	$Step1(164.506(a): standard TPO use/disclosure (no authorization required), $Leaf(164.506(c)(2): treatment activities of health care provider))
other_university_hospital	lead_author	research_subject	reidentified_face	medical-record	treatment	$Leaf(164.506(c)(2): treatment activities of health care provider)
other_university_hospital	lead_author	research_subject	reidentified_face	medical-record	treatment	$Step1(164.506(a): standard TPO use/disclosure (no authorization required), $Leaf(164.506(c)(2): treatment activities of health care provider))
other_university_hospital	other_university_hospital	research_subject	ct_scan_A1	medical-record	treatment	$Leaf(164.506(c)(1): covered entity's own TPO)
other_university_hospital	other_university_hospital	research_subject	ct_scan_A1	medical-record	treatment	$Step1(164.506(a): standard TPO use/disclosure (no authorization required), $Leaf(164.506(c)(1): covered entity's own TPO))
other_university_hospital	other_university_hospital	research_subject	ct_scan_A2	medical-record	treatment	$Leaf(164.506(c)(1): covered entity's own TPO)
other_university_hospital	other_university_hospital	research_subject	ct_scan_A2	medical-record	treatment	$Step1(164.506(a): standard TPO use/disclosure (no authorization required), $Leaf(164.506(c)(1): covered entity's own TPO))
other_university_hospital	other_university_hospital	research_subject	ct_scan_B1	medical-record	treatment	$Leaf(164.506(c)(1): covered entity's own TPO)
other_university_hospital	other_university_hospital	research_subject	ct_scan_B1	medical-record	treatment	$Step1(164.506(a): standard TPO use/disclosure (no authorization required), $Leaf(164.506(c)(1): covered entity's own TPO))
other_university_hospital	other_university_hospital	research_subject	ct_scan_B2	medical-record	treatment	$Leaf(164.506(c)(1): covered entity's own TPO)
other_university_hospital	other_university_hospital	research_subject	ct_scan_B2	medical-record	treatment	$Step1(164.506(a): standard TPO use/disclosure (no authorization required), $Leaf(164.506(c)(1): covered entity's own TPO))
other_university_hospital	other_university_hospital	research_subject	reidentified_face	medical-record	treatment	$Leaf(164.506(c)(1): covered entity's own TPO)
other_university_hospital	other_university_hospital	research_subject	reidentified_face	medical-record	treatment	$Step1(164.506(a): standard TPO use/disclosure (no authorization required), $Leaf(164.506(c)(1): covered entity's own TPO))
research_hospital	research_hospital	research_subject	ct_scan_A1	medical-record	surgery	$Leaf(164.506(c)(1): covered entity's own TPO)
research_hospital	research_hospital	research_subject	ct_scan_A1	medical-record	surgery	$Step1(164.506(a): standard TPO use/disclosure (no authorization required), $Leaf(164.506(c)(1): covered entity's own TPO))
research_hospital	research_hospital	research_subject	ct_scan_A2	medical-record	surgery	$Leaf(164.506(c)(1): covered entity's own TPO)
research_hospital	research_hospital	research_subject	ct_scan_A2	medical-record	surgery	$Step1(164.506(a): standard TPO use/disclosure (no authorization required), $Leaf(164.506(c)(1): covered entity's own TPO))
research_hospital	research_hospital	research_subject	ct_scan_B1	medical-record	surgery	$Leaf(164.506(c)(1): covered entity's own TPO)
research_hospital	research_hospital	research_subject	ct_scan_B1	medical-record	surgery	$Step1(164.506(a): standard TPO use/disclosure (no authorization required), $Leaf(164.506(c)(1): covered entity's own TPO))
research_hospital	research_hospital	research_subject	ct_scan_B2	medical-record	surgery	$Leaf(164.506(c)(1): covered entity's own TPO)
research_hospital	research_hospital	research_subject	ct_scan_B2	medical-record	surgery	$Step1(164.506(a): standard TPO use/disclosure (no authorization required), $Leaf(164.506(c)(1): covered entity's own TPO))
research_hospital	research_hospital	research_subject	reidentified_face	medical-record	surgery	$Leaf(164.506(c)(1): covered entity's own TPO)
research_hospital	research_hospital	research_subject	reidentified_face	medical-record	surgery	$Step1(164.506(a): standard TPO use/disclosure (no authorization required), $Leaf(164.506(c)(1): covered entity's own TPO))
research_hospital	lead_author	research_subject	ct_scan_A1	medical-record	surgery	$Leaf(164.506(c)(2): treatment activities of health care provider)
research_hospital	lead_author	research_subject	ct_scan_A1	medical-record	surgery	$Step1(164.506(a): standard TPO use/disclosure (no authorization required), $Leaf(164.506(c)(2): treatment activities of health care provider))
research_hospital	lead_author	research_subject	ct_scan_A2	medical-record	surgery	$Leaf(164.506(c)(2): treatment activities of health care provider)
research_hospital	lead_author	research_subject	ct_scan_A2	medical-record	surgery	$Step1(164.506(a): standard TPO use/disclosure (no authorization required), $Leaf(164.506(c)(2): treatment activities of health care provider))
research_hospital	lead_author	research_subject	ct_scan_B1	medical-record	surgery	$Leaf(164.506(c)(2): treatment activities of health care provider)
research_hospital	lead_author	research_subject	ct_scan_B1	medical-record	surgery	$Step1(164.506(a): standard TPO use/disclosure (no authorization required), $Leaf(164.506(c)(2): treatment activities of health care provider))
research_hospital	lead_author	research_subject	ct_scan_B2	medical-record	surgery	$Leaf(164.506(c)(2): treatment activities of health care provider)
research_hospital	lead_author	research_subject	ct_scan_B2	medical-record	surgery	$Step1(164.506(a): standard TPO use/disclosure (no authorization required), $Leaf(164.506(c)(2): treatment activities of health care provider))
research_hospital	lead_author	research_subject	reidentified_face	medical-record	surgery	$Leaf(164.506(c)(2): treatment activities of health care provider)
research_hospital	lead_author	research_subject	reidentified_face	medical-record	surgery	$Step1(164.506(a): standard TPO use/disclosure (no authorization required), $Leaf(164.506(c)(2): treatment activities of health care provider))
lead_author	lead_author	research_subject	ct_scan_A1	medical-record	surgery	$Leaf(164.506(c)(1): covered entity's own TPO)
lead_author	lead_author	research_subject	ct_scan_A1	medical-record	surgery	$Leaf(164.506(c)(2): treatment activities of health care provider)
lead_author	lead_author	research_subject	ct_scan_A1	medical-record	surgery	$Step1(164.506(a): standard TPO use/disclosure (no authorization required), $Leaf(164.506(c)(1): covered entity's own TPO))
lead_author	lead_author	research_subject	ct_scan_A1	medical-record	surgery	$Step1(164.506(a): standard TPO use/disclosure (no authorization required), $Leaf(164.506(c)(2): treatment activities of health care provider))
lead_author	lead_author	research_subject	ct_scan_A2	medical-record	surgery	$Leaf(164.506(c)(1): covered entity's own TPO)
lead_author	lead_author	research_subject	ct_scan_A2	medical-record	surgery	$Leaf(164.506(c)(2): treatment activities of health care provider)
lead_author	lead_author	research_subject	ct_scan_A2	medical-record	surgery	$Step1(164.506(a): standard TPO use/disclosure (no authorization required), $Leaf(164.506(c)(1): covered entity's own TPO))
lead_author	lead_author	research_subject	ct_scan_A2	medical-record	surgery	$Step1(164.506(a): standard TPO use/disclosure (no authorization required), $Leaf(164.506(c)(2): treatment activities of health care provider))
lead_author	lead_author	research_subject	ct_scan_B1	medical-record	surgery	$Leaf(164.506(c)(1): covered entity's own TPO)
lead_author	lead_author	research_subject	ct_scan_B1	medical-record	surgery	$Leaf(164.506(c)(2): treatment activities of health care provider)
lead_author	lead_author	research_subject	ct_scan_B1	medical-record	surgery	$Step1(164.506(a): standard TPO use/disclosure (no authorization required), $Leaf(164.506(c)(1): covered entity's own TPO))
lead_author	lead_author	research_subject	ct_scan_B1	medical-record	surgery	$Step1(164.506(a): standard TPO use/disclosure (no authorization required), $Leaf(164.506(c)(2): treatment activities of health care provider))
lead_author	lead_author	research_subject	ct_scan_B2	medical-record	surgery	$Leaf(164.506(c)(1): covered entity's own TPO)
lead_author	lead_author	research_subject	ct_scan_B2	medical-record	surgery	$Leaf(164.506(c)(2): treatment activities of health care provider)
lead_author	lead_author	research_subject	ct_scan_B2	medical-record	surgery	$Step1(164.506(a): standard TPO use/disclosure (no authorization required), $Leaf(164.506(c)(1): covered entity's own TPO))
lead_author	lead_author	research_subject	ct_scan_B2	medical-record	surgery	$Step1(164.506(a): standard TPO use/disclosure (no authorization required), $Leaf(164.506(c)(2): treatment activities of health care provider))
lead_author	lead_author	research_subject	reidentified_face	medical-record	surgery	$Leaf(164.506(c)(1): covered entity's own TPO)
lead_author	lead_author	research_subject	reidentified_face	medical-record	surgery	$Leaf(164.506(c)(2): treatment activities of health care provider)
lead_author	lead_author	research_subject	reidentified_face	medical-record	surgery	$Step1(164.506(a): standard TPO use/disclosure (no authorization required), $Leaf(164.506(c)(1): covered entity's own TPO))
lead_author	lead_author	research_subject	reidentified_face	medical-record	surgery	$Step1(164.506(a): standard TPO use/disclosure (no authorization required), $Leaf(164.506(c)(2): treatment activities of health care provider))
other_university_hospital	lead_author	research_subject	ct_scan_A1	medical-record	surgery	$Leaf(164.506(c)(2): treatment activities of health care provider)
other_university_hospital	lead_author	research_subject	ct_scan_A1	medical-record	surgery	$Step1(164.506(a): standard TPO use/disclosure (no authorization required), $Leaf(164.506(c)(2): treatment activities of health care provider))
other_university_hospital	lead_author	research_subject	ct_scan_A2	medical-record	surgery	$Leaf(164.506(c)(2): treatment activities of health care provider)
other_university_hospital	lead_author	research_subject	ct_scan_A2	medical-record	surgery	$Step1(164.506(a): standard TPO use/disclosure (no authorization required), $Leaf(164.506(c)(2): treatment activities of health care provider))
other_university_hospital	lead_author	research_subject	ct_scan_B1	medical-record	surgery	$Leaf(164.506(c)(2): treatment activities of health care provider)
other_university_hospital	lead_author	research_subject	ct_scan_B1	medical-record	surgery	$Step1(164.506(a): standard TPO use/disclosure (no authorization required), $Leaf(164.506(c)(2): treatment activities of health care provider))
other_university_hospital	lead_author	research_subject	ct_scan_B2	medical-record	surgery	$Leaf(164.506(c)(2): treatment activities of health care provider)
other_university_hospital	lead_author	research_subject	ct_scan_B2	medical-record	surgery	$Step1(164.506(a): standard TPO use/disclosure (no authorization required), $Leaf(164.506(c)(2): treatment activities of health care provider))
other_university_hospital	lead_author	research_subject	reidentified_face	medical-record	surgery	$Leaf(164.506(c)(2): treatment activities of health care provider)
other_university_hospital	lead_author	research_subject	reidentified_face	medical-record	surgery	$Step1(164.506(a): standard TPO use/disclosure (no authorization required), $Leaf(164.506(c)(2): treatment activities of health care provider))
other_university_hospital	other_university_hospital	research_subject	ct_scan_A1	medical-record	surgery	$Leaf(164.506(c)(1): covered entity's own TPO)
other_university_hospital	other_university_hospital	research_subject	ct_scan_A1	medical-record	surgery	$Step1(164.506(a): standard TPO use/disclosure (no authorization required), $Leaf(164.506(c)(1): covered entity's own TPO))
other_university_hospital	other_university_hospital	research_subject	ct_scan_A2	medical-record	surgery	$Leaf(164.506(c)(1): covered entity's own TPO)
other_university_hospital	other_university_hospital	research_subject	ct_scan_A2	medical-record	surgery	$Step1(164.506(a): standard TPO use/disclosure (no authorization required), $Leaf(164.506(c)(1): covered entity's own TPO))
other_university_hospital	other_university_hospital	research_subject	ct_scan_B1	medical-record	surgery	$Leaf(164.506(c)(1): covered entity's own TPO)
other_university_hospital	other_university_hospital	research_subject	ct_scan_B1	medical-record	surgery	$Step1(164.506(a): standard TPO use/disclosure (no authorization required), $Leaf(164.506(c)(1): covered entity's own TPO))
other_university_hospital	other_university_hospital	research_subject	ct_scan_B2	medical-record	surgery	$Leaf(164.506(c)(1): covered entity's own TPO)
other_university_hospital	other_university_hospital	research_subject	ct_scan_B2	medical-record	surgery	$Step1(164.506(a): standard TPO use/disclosure (no authorization required), $Leaf(164.506(c)(1): covered entity's own TPO))
other_university_hospital	other_university_hospital	research_subject	reidentified_face	medical-record	surgery	$Leaf(164.506(c)(1): covered entity's own TPO)
other_university_hospital	other_university_hospital	research_subject	reidentified_face	medical-record	surgery	$Step1(164.506(a): standard TPO use/disclosure (no authorization required), $Leaf(164.506(c)(1): covered entity's own TPO))
research_hospital	research_hospital	research_subject	ct_scan_A1	medical-record	administer-medication	$Leaf(164.506(c)(1): covered entity's own TPO)
research_hospital	research_hospital	research_subject	ct_scan_A1	medical-record	administer-medication	$Step1(164.506(a): standard TPO use/disclosure (no authorization required), $Leaf(164.506(c)(1): covered entity's own TPO))
research_hospital	research_hospital	research_subject	ct_scan_A2	medical-record	administer-medication	$Leaf(164.506(c)(1): covered entity's own TPO)
research_hospital	research_hospital	research_subject	ct_scan_A2	medical-record	administer-medication	$Step1(164.506(a): standard TPO use/disclosure (no authorization required), $Leaf(164.506(c)(1): covered entity's own TPO))
research_hospital	research_hospital	research_subject	ct_scan_B1	medical-record	administer-medication	$Leaf(164.506(c)(1): covered entity's own TPO)
research_hospital	research_hospital	research_subject	ct_scan_B1	medical-record	administer-medication	$Step1(164.506(a): standard TPO use/disclosure (no authorization required), $Leaf(164.506(c)(1): covered entity's own TPO))
research_hospital	research_hospital	research_subject	ct_scan_B2	medical-record	administer-medication	$Leaf(164.506(c)(1): covered entity's own TPO)
research_hospital	research_hospital	research_subject	ct_scan_B2	medical-record	administer-medication	$Step1(164.506(a): standard TPO use/disclosure (no authorization required), $Leaf(164.506(c)(1): covered entity's own TPO))
research_hospital	research_hospital	research_subject	reidentified_face	medical-record	administer-medication	$Leaf(164.506(c)(1): covered entity's own TPO)
research_hospital	research_hospital	research_subject	reidentified_face	medical-record	administer-medication	$Step1(164.506(a): standard TPO use/disclosure (no authorization required), $Leaf(164.506(c)(1): covered entity's own TPO))
research_hospital	lead_author	research_subject	ct_scan_A1	medical-record	administer-medication	$Leaf(164.506(c)(2): treatment activities of health care provider)
research_hospital	lead_author	research_subject	ct_scan_A1	medical-record	administer-medication	$Step1(164.506(a): standard TPO use/disclosure (no authorization required), $Leaf(164.506(c)(2): treatment activities of health care provider))
research_hospital	lead_author	research_subject	ct_scan_A2	medical-record	administer-medication	$Leaf(164.506(c)(2): treatment activities of health care provider)
research_hospital	lead_author	research_subject	ct_scan_A2	medical-record	administer-medication	$Step1(164.506(a): standard TPO use/disclosure (no authorization required), $Leaf(164.506(c)(2): treatment activities of health care provider))
research_hospital	lead_author	research_subject	ct_scan_B1	medical-record	administer-medication	$Leaf(164.506(c)(2): treatment activities of health care provider)
research_hospital	lead_author	research_subject	ct_scan_B1	medical-record	administer-medication	$Step1(164.506(a): standard TPO use/disclosure (no authorization required), $Leaf(164.506(c)(2): treatment activities of health care provider))
research_hospital	lead_author	research_subject	ct_scan_B2	medical-record	administer-medication	$Leaf(164.506(c)(2): treatment activities of health care provider)
research_hospital	lead_author	research_subject	ct_scan_B2	medical-record	administer-medication	$Step1(164.506(a): standard TPO use/disclosure (no authorization required), $Leaf(164.506(c)(2): treatment activities of health care provider))
research_hospital	lead_author	research_subject	reidentified_face	medical-record	administer-medication	$Leaf(164.506(c)(2): treatment activities of health care provider)
research_hospital	lead_author	research_subject	reidentified_face	medical-record	administer-medication	$Step1(164.506(a): standard TPO use/disclosure (no authorization required), $Leaf(164.506(c)(2): treatment activities of health care provider))
lead_author	lead_author	research_subject	ct_scan_A1	medical-record	administer-medication	$Leaf(164.506(c)(1): covered entity's own TPO)
lead_author	lead_author	research_subject	ct_scan_A1	medical-record	administer-medication	$Leaf(164.506(c)(2): treatment activities of health care provider)
lead_author	lead_author	research_subject	ct_scan_A1	medical-record	administer-medication	$Step1(164.506(a): standard TPO use/disclosure (no authorization required), $Leaf(164.506(c)(1): covered entity's own TPO))
lead_author	lead_author	research_subject	ct_scan_A1	medical-record	administer-medication	$Step1(164.506(a): standard TPO use/disclosure (no authorization required), $Leaf(164.506(c)(2): treatment activities of health care provider))
lead_author	lead_author	research_subject	ct_scan_A2	medical-record	administer-medication	$Leaf(164.506(c)(1): covered entity's own TPO)
lead_author	lead_author	research_subject	ct_scan_A2	medical-record	administer-medication	$Leaf(164.506(c)(2): treatment activities of health care provider)
lead_author	lead_author	research_subject	ct_scan_A2	medical-record	administer-medication	$Step1(164.506(a): standard TPO use/disclosure (no authorization required), $Leaf(164.506(c)(1): covered entity's own TPO))
lead_author	lead_author	research_subject	ct_scan_A2	medical-record	administer-medication	$Step1(164.506(a): standard TPO use/disclosure (no authorization required), $Leaf(164.506(c)(2): treatment activities of health care provider))
lead_author	lead_author	research_subject	ct_scan_B1	medical-record	administer-medication	$Leaf(164.506(c)(1): covered entity's own TPO)
lead_author	lead_author	research_subject	ct_scan_B1	medical-record	administer-medication	$Leaf(164.506(c)(2): treatment activities of health care provider)
lead_author	lead_author	research_subject	ct_scan_B1	medical-record	administer-medication	$Step1(164.506(a): standard TPO use/disclosure (no authorization required), $Leaf(164.506(c)(1): covered entity's own TPO))
lead_author	lead_author	research_subject	ct_scan_B1	medical-record	administer-medication	$Step1(164.506(a): standard TPO use/disclosure (no authorization required), $Leaf(164.506(c)(2): treatment activities of health care provider))
lead_author	lead_author	research_subject	ct_scan_B2	medical-record	administer-medication	$Leaf(164.506(c)(1): covered entity's own TPO)
lead_author	lead_author	research_subject	ct_scan_B2	medical-record	administer-medication	$Leaf(164.506(c)(2): treatment activities of health care provider)
lead_author	lead_author	research_subject	ct_scan_B2	medical-record	administer-medication	$Step1(164.506(a): standard TPO use/disclosure (no authorization required), $Leaf(164.506(c)(1): covered entity's own TPO))
lead_author	lead_author	research_subject	ct_scan_B2	medical-record	administer-medication	$Step1(164.506(a): standard TPO use/disclosure (no authorization required), $Leaf(164.506(c)(2): treatment activities of health care provider))
lead_author	lead_author	research_subject	reidentified_face	medical-record	administer-medication	$Leaf(164.506(c)(1): covered entity's own TPO)
lead_author	lead_author	research_subject	reidentified_face	medical-record	administer-medication	$Leaf(164.506(c)(2): treatment activities of health care provider)
lead_author	lead_author	research_subject	reidentified_face	medical-record	administer-medication	$Step1(164.506(a): standard TPO use/disclosure (no authorization required), $Leaf(164.506(c)(1): covered entity's own TPO))
lead_author	lead_author	research_subject	reidentified_face	medical-record	administer-medication	$Step1(164.506(a): standard TPO use/disclosure (no authorization required), $Leaf(164.506(c)(2): treatment activities of health care provider))
other_university_hospital	lead_author	research_subject	ct_scan_A1	medical-record	administer-medication	$Leaf(164.506(c)(2): treatment activities of health care provider)
other_university_hospital	lead_author	research_subject	ct_scan_A1	medical-record	administer-medication	$Step1(164.506(a): standard TPO use/disclosure (no authorization required), $Leaf(164.506(c)(2): treatment activities of health care provider))
other_university_hospital	lead_author	research_subject	ct_scan_A2	medical-record	administer-medication	$Leaf(164.506(c)(2): treatment activities of health care provider)
other_university_hospital	lead_author	research_subject	ct_scan_A2	medical-record	administer-medication	$Step1(164.506(a): standard TPO use/disclosure (no authorization required), $Leaf(164.506(c)(2): treatment activities of health care provider))
other_university_hospital	lead_author	research_subject	ct_scan_B1	medical-record	administer-medication	$Leaf(164.506(c)(2): treatment activities of health care provider)
other_university_hospital	lead_author	research_subject	ct_scan_B1	medical-record	administer-medication	$Step1(164.506(a): standard TPO use/disclosure (no authorization required), $Leaf(164.506(c)(2): treatment activities of health care provider))
other_university_hospital	lead_author	research_subject	ct_scan_B2	medical-record	administer-medication	$Leaf(164.506(c)(2): treatment activities of health care provider)
other_university_hospital	lead_author	research_subject	ct_scan_B2	medical-record	administer-medication	$Step1(164.506(a): standard TPO use/disclosure (no authorization required), $Leaf(164.506(c)(2): treatment activities of health care provider))
other_university_hospital	lead_author	research_subject	reidentified_face	medical-record	administer-medication	$Leaf(164.506(c)(2): treatment activities of health care provider)
other_university_hospital	lead_author	research_subject	reidentified_face	medical-record	administer-medication	$Step1(164.506(a): standard TPO use/disclosure (no authorization required), $Leaf(164.506(c)(2): treatment activities of health care provider))
other_university_hospital	other_university_hospital	research_subject	ct_scan_A1	medical-record	administer-medication	$Leaf(164.506(c)(1): covered entity's own TPO)
other_university_hospital	other_university_hospital	research_subject	ct_scan_A1	medical-record	administer-medication	$Step1(164.506(a): standard TPO use/disclosure (no authorization required), $Leaf(164.506(c)(1): covered entity's own TPO))
other_university_hospital	other_university_hospital	research_subject	ct_scan_A2	medical-record	administer-medication	$Leaf(164.506(c)(1): covered entity's own TPO)
other_university_hospital	other_university_hospital	research_subject	ct_scan_A2	medical-record	administer-medication	$Step1(164.506(a): standard TPO use/disclosure (no authorization required), $Leaf(164.506(c)(1): covered entity's own TPO))
other_university_hospital	other_university_hospital	research_subject	ct_scan_B1	medical-record	administer-medication	$Leaf(164.506(c)(1): covered entity's own TPO)
other_university_hospital	other_university_hospital	research_subject	ct_scan_B1	medical-record	administer-medication	$Step1(164.506(a): standard TPO use/disclosure (no authorization required), $Leaf(164.506(c)(1): covered entity's own TPO))
other_university_hospital	other_university_hospital	research_subject	ct_scan_B2	medical-record	administer-medication	$Leaf(164.506(c)(1): covered entity's own TPO)
other_university_hospital	other_university_hospital	research_subject	ct_scan_B2	medical-record	administer-medication	$Step1(164.506(a): standard TPO use/disclosure (no authorization required), $Leaf(164.506(c)(1): covered entity's own TPO))
other_university_hospital	other_university_hospital	research_subject	reidentified_face	medical-record	administer-medication	$Leaf(164.506(c)(1): covered entity's own TPO)
other_university_hospital	other_university_hospital	research_subject	reidentified_face	medical-record	administer-medication	$Step1(164.506(a): standard TPO use/disclosure (no authorization required), $Leaf(164.506(c)(1): covered entity's own TPO))
research_hospital	research_hospital	research_subject	ct_scan_A1	medical-record	administer-blood-test	$Leaf(164.506(c)(1): covered entity's own TPO)
research_hospital	research_hospital	research_subject	ct_scan_A1	medical-record	administer-blood-test	$Step1(164.506(a): standard TPO use/disclosure (no authorization required), $Leaf(164.506(c)(1): covered entity's own TPO))
research_hospital	research_hospital	research_subject	ct_scan_A2	medical-record	administer-blood-test	$Leaf(164.506(c)(1): covered entity's own TPO)
research_hospital	research_hospital	research_subject	ct_scan_A2	medical-record	administer-blood-test	$Step1(164.506(a): standard TPO use/disclosure (no authorization required), $Leaf(164.506(c)(1): covered entity's own TPO))
research_hospital	research_hospital	research_subject	ct_scan_B1	medical-record	administer-blood-test	$Leaf(164.506(c)(1): covered entity's own TPO)
research_hospital	research_hospital	research_subject	ct_scan_B1	medical-record	administer-blood-test	$Step1(164.506(a): standard TPO use/disclosure (no authorization required), $Leaf(164.506(c)(1): covered entity's own TPO))
research_hospital	research_hospital	research_subject	ct_scan_B2	medical-record	administer-blood-test	$Leaf(164.506(c)(1): covered entity's own TPO)
research_hospital	research_hospital	research_subject	ct_scan_B2	medical-record	administer-blood-test	$Step1(164.506(a): standard TPO use/disclosure (no authorization required), $Leaf(164.506(c)(1): covered entity's own TPO))
research_hospital	research_hospital	research_subject	reidentified_face	medical-record	administer-blood-test	$Leaf(164.506(c)(1): covered entity's own TPO)
research_hospital	research_hospital	research_subject	reidentified_face	medical-record	administer-blood-test	$Step1(164.506(a): standard TPO use/disclosure (no authorization required), $Leaf(164.506(c)(1): covered entity's own TPO))
research_hospital	lead_author	research_subject	ct_scan_A1	medical-record	administer-blood-test	$Leaf(164.506(c)(2): treatment activities of health care provider)
research_hospital	lead_author	research_subject	ct_scan_A1	medical-record	administer-blood-test	$Step1(164.506(a): standard TPO use/disclosure (no authorization required), $Leaf(164.506(c)(2): treatment activities of health care provider))
research_hospital	lead_author	research_subject	ct_scan_A2	medical-record	administer-blood-test	$Leaf(164.506(c)(2): treatment activities of health care provider)
research_hospital	lead_author	research_subject	ct_scan_A2	medical-record	administer-blood-test	$Step1(164.506(a): standard TPO use/disclosure (no authorization required), $Leaf(164.506(c)(2): treatment activities of health care provider))
research_hospital	lead_author	research_subject	ct_scan_B1	medical-record	administer-blood-test	$Leaf(164.506(c)(2): treatment activities of health care provider)
research_hospital	lead_author	research_subject	ct_scan_B1	medical-record	administer-blood-test	$Step1(164.506(a): standard TPO use/disclosure (no authorization required), $Leaf(164.506(c)(2): treatment activities of health care provider))
research_hospital	lead_author	research_subject	ct_scan_B2	medical-record	administer-blood-test	$Leaf(164.506(c)(2): treatment activities of health care provider)
research_hospital	lead_author	research_subject	ct_scan_B2	medical-record	administer-blood-test	$Step1(164.506(a): standard TPO use/disclosure (no authorization required), $Leaf(164.506(c)(2): treatment activities of health care provider))
research_hospital	lead_author	research_subject	reidentified_face	medical-record	administer-blood-test	$Leaf(164.506(c)(2): treatment activities of health care provider)
research_hospital	lead_author	research_subject	reidentified_face	medical-record	administer-blood-test	$Step1(164.506(a): standard TPO use/disclosure (no authorization required), $Leaf(164.506(c)(2): treatment activities of health care provider))
lead_author	lead_author	research_subject	ct_scan_A1	medical-record	administer-blood-test	$Leaf(164.506(c)(1): covered entity's own TPO)
lead_author	lead_author	research_subject	ct_scan_A1	medical-record	administer-blood-test	$Leaf(164.506(c)(2): treatment activities of health care provider)
lead_author	lead_author	research_subject	ct_scan_A1	medical-record	administer-blood-test	$Step1(164.506(a): standard TPO use/disclosure (no authorization required), $Leaf(164.506(c)(1): covered entity's own TPO))
lead_author	lead_author	research_subject	ct_scan_A1	medical-record	administer-blood-test	$Step1(164.506(a): standard TPO use/disclosure (no authorization required), $Leaf(164.506(c)(2): treatment activities of health care provider))
lead_author	lead_author	research_subject	ct_scan_A2	medical-record	administer-blood-test	$Leaf(164.506(c)(1): covered entity's own TPO)
lead_author	lead_author	research_subject	ct_scan_A2	medical-record	administer-blood-test	$Leaf(164.506(c)(2): treatment activities of health care provider)
lead_author	lead_author	research_subject	ct_scan_A2	medical-record	administer-blood-test	$Step1(164.506(a): standard TPO use/disclosure (no authorization required), $Leaf(164.506(c)(1): covered entity's own TPO))
lead_author	lead_author	research_subject	ct_scan_A2	medical-record	administer-blood-test	$Step1(164.506(a): standard TPO use/disclosure (no authorization required), $Leaf(164.506(c)(2): treatment activities of health care provider))
lead_author	lead_author	research_subject	ct_scan_B1	medical-record	administer-blood-test	$Leaf(164.506(c)(1): covered entity's own TPO)
lead_author	lead_author	research_subject	ct_scan_B1	medical-record	administer-blood-test	$Leaf(164.506(c)(2): treatment activities of health care provider)
lead_author	lead_author	research_subject	ct_scan_B1	medical-record	administer-blood-test	$Step1(164.506(a): standard TPO use/disclosure (no authorization required), $Leaf(164.506(c)(1): covered entity's own TPO))
lead_author	lead_author	research_subject	ct_scan_B1	medical-record	administer-blood-test	$Step1(164.506(a): standard TPO use/disclosure (no authorization required), $Leaf(164.506(c)(2): treatment activities of health care provider))
lead_author	lead_author	research_subject	ct_scan_B2	medical-record	administer-blood-test	$Leaf(164.506(c)(1): covered entity's own TPO)
lead_author	lead_author	research_subject	ct_scan_B2	medical-record	administer-blood-test	$Leaf(164.506(c)(2): treatment activities of health care provider)
lead_author	lead_author	research_subject	ct_scan_B2	medical-record	administer-blood-test	$Step1(164.506(a): standard TPO use/disclosure (no authorization required), $Leaf(164.506(c)(1): covered entity's own TPO))
lead_author	lead_author	research_subject	ct_scan_B2	medical-record	administer-blood-test	$Step1(164.506(a): standard TPO use/disclosure (no authorization required), $Leaf(164.506(c)(2): treatment activities of health care provider))
lead_author	lead_author	research_subject	reidentified_face	medical-record	administer-blood-test	$Leaf(164.506(c)(1): covered entity's own TPO)
lead_author	lead_author	research_subject	reidentified_face	medical-record	administer-blood-test	$Leaf(164.506(c)(2): treatment activities of health care provider)
lead_author	lead_author	research_subject	reidentified_face	medical-record	administer-blood-test	$Step1(164.506(a): standard TPO use/disclosure (no authorization required), $Leaf(164.506(c)(1): covered entity's own TPO))
lead_author	lead_author	research_subject	reidentified_face	medical-record	administer-blood-test	$Step1(164.506(a): standard TPO use/disclosure (no authorization required), $Leaf(164.506(c)(2): treatment activities of health care provider))
other_university_hospital	lead_author	research_subject	ct_scan_A1	medical-record	administer-blood-test	$Leaf(164.506(c)(2): treatment activities of health care provider)
other_university_hospital	lead_author	research_subject	ct_scan_A1	medical-record	administer-blood-test	$Step1(164.506(a): standard TPO use/disclosure (no authorization required), $Leaf(164.506(c)(2): treatment activities of health care provider))
other_university_hospital	lead_author	research_subject	ct_scan_A2	medical-record	administer-blood-test	$Leaf(164.506(c)(2): treatment activities of health care provider)
other_university_hospital	lead_author	research_subject	ct_scan_A2	medical-record	administer-blood-test	$Step1(164.506(a): standard TPO use/disclosure (no authorization required), $Leaf(164.506(c)(2): treatment activities of health care provider))
other_university_hospital	lead_author	research_subject	ct_scan_B1	medical-record	administer-blood-test	$Leaf(164.506(c)(2): treatment activities of health care provider)
other_university_hospital	lead_author	research_subject	ct_scan_B1	medical-record	administer-blood-test	$Step1(164.506(a): standard TPO use/disclosure (no authorization required), $Leaf(164.506(c)(2): treatment activities of health care provider))
other_university_hospital	lead_author	research_subject	ct_scan_B2	medical-record	administer-blood-test	$Leaf(164.506(c)(2): treatment activities of health care provider)
other_university_hospital	lead_author	research_subject	ct_scan_B2	medical-record	administer-blood-test	$Step1(164.506(a): standard TPO use/disclosure (no authorization required), $Leaf(164.506(c)(2): treatment activities of health care provider))
other_university_hospital	lead_author	research_subject	reidentified_face	medical-record	administer-blood-test	$Leaf(164.506(c)(2): treatment activities of health care provider)
other_university_hospital	lead_author	research_subject	reidentified_face	medical-record	administer-blood-test	$Step1(164.506(a): standard TPO use/disclosure (no authorization required), $Leaf(164.506(c)(2): treatment activities of health care provider))
other_university_hospital	other_university_hospital	research_subject	ct_scan_A1	medical-record	administer-blood-test	$Leaf(164.506(c)(1): covered entity's own TPO)
other_university_hospital	other_university_hospital	research_subject	ct_scan_A1	medical-record	administer-blood-test	$Step1(164.506(a): standard TPO use/disclosure (no authorization required), $Leaf(164.506(c)(1): covered entity's own TPO))
other_university_hospital	other_university_hospital	research_subject	ct_scan_A2	medical-record	administer-blood-test	$Leaf(164.506(c)(1): covered entity's own TPO)
other_university_hospital	other_university_hospital	research_subject	ct_scan_A2	medical-record	administer-blood-test	$Step1(164.506(a): standard TPO use/disclosure (no authorization required), $Leaf(164.506(c)(1): covered entity's own TPO))
other_university_hospital	other_university_hospital	research_subject	ct_scan_B1	medical-record	administer-blood-test	$Leaf(164.506(c)(1): covered entity's own TPO)
other_university_hospital	other_university_hospital	research_subject	ct_scan_B1	medical-record	administer-blood-test	$Step1(164.506(a): standard TPO use/disclosure (no authorization required), $Leaf(164.506(c)(1): covered entity's own TPO))
other_university_hospital	other_university_hospital	research_subject	ct_scan_B2	medical-record	administer-blood-test	$Leaf(164.506(c)(1): covered entity's own TPO)
other_university_hospital	other_university_hospital	research_subject	ct_scan_B2	medical-record	administer-blood-test	$Step1(164.506(a): standard TPO use/disclosure (no authorization required), $Leaf(164.506(c)(1): covered entity's own TPO))
other_university_hospital	other_university_hospital	research_subject	reidentified_face	medical-record	administer-blood-test	$Leaf(164.506(c)(1): covered entity's own TPO)
other_university_hospital	other_university_hospital	research_subject	reidentified_face	medical-record	administer-blood-test	$Step1(164.506(a): standard TPO use/disclosure (no authorization required), $Leaf(164.506(c)(1): covered entity's own TPO))
research_hospital	research_hospital	research_subject	ct_scan_A1	medical-record	referral	$Leaf(164.506(c)(1): covered entity's own TPO)
research_hospital	research_hospital	research_subject	ct_scan_A1	medical-record	referral	$Step1(164.506(a): standard TPO use/disclosure (no authorization required), $Leaf(164.506(c)(1): covered entity's own TPO))
research_hospital	research_hospital	research_subject	ct_scan_A2	medical-record	referral	$Leaf(164.506(c)(1): covered entity's own TPO)
research_hospital	research_hospital	research_subject	ct_scan_A2	medical-record	referral	$Step1(164.506(a): standard TPO use/disclosure (no authorization required), $Leaf(164.506(c)(1): covered entity's own TPO))
research_hospital	research_hospital	research_subject	ct_scan_B1	medical-record	referral	$Leaf(164.506(c)(1): covered entity's own TPO)
research_hospital	research_hospital	research_subject	ct_scan_B1	medical-record	referral	$Step1(164.506(a): standard TPO use/disclosure (no authorization required), $Leaf(164.506(c)(1): covered entity's own TPO))
research_hospital	research_hospital	research_subject	ct_scan_B2	medical-record	referral	$Leaf(164.506(c)(1): covered entity's own TPO)
research_hospital	research_hospital	research_subject	ct_scan_B2	medical-record	referral	$Step1(164.506(a): standard TPO use/disclosure (no authorization required), $Leaf(164.506(c)(1): covered entity's own TPO))
research_hospital	research_hospital	research_subject	reidentified_face	medical-record	referral	$Leaf(164.506(c)(1): covered entity's own TPO)
research_hospital	research_hospital	research_subject	reidentified_face	medical-record	referral	$Step1(164.506(a): standard TPO use/disclosure (no authorization required), $Leaf(164.506(c)(1): covered entity's own TPO))
research_hospital	lead_author	research_subject	ct_scan_A1	medical-record	referral	$Leaf(164.506(c)(2): treatment activities of health care provider)
research_hospital	lead_author	research_subject	ct_scan_A1	medical-record	referral	$Step1(164.506(a): standard TPO use/disclosure (no authorization required), $Leaf(164.506(c)(2): treatment activities of health care provider))
research_hospital	lead_author	research_subject	ct_scan_A2	medical-record	referral	$Leaf(164.506(c)(2): treatment activities of health care provider)
research_hospital	lead_author	research_subject	ct_scan_A2	medical-record	referral	$Step1(164.506(a): standard TPO use/disclosure (no authorization required), $Leaf(164.506(c)(2): treatment activities of health care provider))
research_hospital	lead_author	research_subject	ct_scan_B1	medical-record	referral	$Leaf(164.506(c)(2): treatment activities of health care provider)
research_hospital	lead_author	research_subject	ct_scan_B1	medical-record	referral	$Step1(164.506(a): standard TPO use/disclosure (no authorization required), $Leaf(164.506(c)(2): treatment activities of health care provider))
research_hospital	lead_author	research_subject	ct_scan_B2	medical-record	referral	$Leaf(164.506(c)(2): treatment activities of health care provider)
research_hospital	lead_author	research_subject	ct_scan_B2	medical-record	referral	$Step1(164.506(a): standard TPO use/disclosure (no authorization required), $Leaf(164.506(c)(2): treatment activities of health care provider))
research_hospital	lead_author	research_subject	reidentified_face	medical-record	referral	$Leaf(164.506(c)(2): treatment activities of health care provider)
research_hospital	lead_author	research_subject	reidentified_face	medical-record	referral	$Step1(164.506(a): standard TPO use/disclosure (no authorization required), $Leaf(164.506(c)(2): treatment activities of health care provider))
lead_author	lead_author	research_subject	ct_scan_A1	medical-record	referral	$Leaf(164.506(c)(1): covered entity's own TPO)
lead_author	lead_author	research_subject	ct_scan_A1	medical-record	referral	$Leaf(164.506(c)(2): treatment activities of health care provider)
lead_author	lead_author	research_subject	ct_scan_A1	medical-record	referral	$Step1(164.506(a): standard TPO use/disclosure (no authorization required), $Leaf(164.506(c)(1): covered entity's own TPO))
lead_author	lead_author	research_subject	ct_scan_A1	medical-record	referral	$Step1(164.506(a): standard TPO use/disclosure (no authorization required), $Leaf(164.506(c)(2): treatment activities of health care provider))
lead_author	lead_author	research_subject	ct_scan_A2	medical-record	referral	$Leaf(164.506(c)(1): covered entity's own TPO)
lead_author	lead_author	research_subject	ct_scan_A2	medical-record	referral	$Leaf(164.506(c)(2): treatment activities of health care provider)
lead_author	lead_author	research_subject	ct_scan_A2	medical-record	referral	$Step1(164.506(a): standard TPO use/disclosure (no authorization required), $Leaf(164.506(c)(1): covered entity's own TPO))
lead_author	lead_author	research_subject	ct_scan_A2	medical-record	referral	$Step1(164.506(a): standard TPO use/disclosure (no authorization required), $Leaf(164.506(c)(2): treatment activities of health care provider))
lead_author	lead_author	research_subject	ct_scan_B1	medical-record	referral	$Leaf(164.506(c)(1): covered entity's own TPO)
lead_author	lead_author	research_subject	ct_scan_B1	medical-record	referral	$Leaf(164.506(c)(2): treatment activities of health care provider)
lead_author	lead_author	research_subject	ct_scan_B1	medical-record	referral	$Step1(164.506(a): standard TPO use/disclosure (no authorization required), $Leaf(164.506(c)(1): covered entity's own TPO))
lead_author	lead_author	research_subject	ct_scan_B1	medical-record	referral	$Step1(164.506(a): standard TPO use/disclosure (no authorization required), $Leaf(164.506(c)(2): treatment activities of health care provider))
lead_author	lead_author	research_subject	ct_scan_B2	medical-record	referral	$Leaf(164.506(c)(1): covered entity's own TPO)
lead_author	lead_author	research_subject	ct_scan_B2	medical-record	referral	$Leaf(164.506(c)(2): treatment activities of health care provider)
lead_author	lead_author	research_subject	ct_scan_B2	medical-record	referral	$Step1(164.506(a): standard TPO use/disclosure (no authorization required), $Leaf(164.506(c)(1): covered entity's own TPO))
lead_author	lead_author	research_subject	ct_scan_B2	medical-record	referral	$Step1(164.506(a): standard TPO use/disclosure (no authorization required), $Leaf(164.506(c)(2): treatment activities of health care provider))
lead_author	lead_author	research_subject	reidentified_face	medical-record	referral	$Leaf(164.506(c)(1): covered entity's own TPO)
lead_author	lead_author	research_subject	reidentified_face	medical-record	referral	$Leaf(164.506(c)(2): treatment activities of health care provider)
lead_author	lead_author	research_subject	reidentified_face	medical-record	referral	$Step1(164.506(a): standard TPO use/disclosure (no authorization required), $Leaf(164.506(c)(1): covered entity's own TPO))
lead_author	lead_author	research_subject	reidentified_face	medical-record	referral	$Step1(164.506(a): standard TPO use/disclosure (no authorization required), $Leaf(164.506(c)(2): treatment activities of health care provider))
other_university_hospital	lead_author	research_subject	ct_scan_A1	medical-record	referral	$Leaf(164.506(c)(2): treatment activities of health care provider)
other_university_hospital	lead_author	research_subject	ct_scan_A1	medical-record	referral	$Step1(164.506(a): standard TPO use/disclosure (no authorization required), $Leaf(164.506(c)(2): treatment activities of health care provider))
other_university_hospital	lead_author	research_subject	ct_scan_A2	medical-record	referral	$Leaf(164.506(c)(2): treatment activities of health care provider)
other_university_hospital	lead_author	research_subject	ct_scan_A2	medical-record	referral	$Step1(164.506(a): standard TPO use/disclosure (no authorization required), $Leaf(164.506(c)(2): treatment activities of health care provider))
other_university_hospital	lead_author	research_subject	ct_scan_B1	medical-record	referral	$Leaf(164.506(c)(2): treatment activities of health care provider)
other_university_hospital	lead_author	research_subject	ct_scan_B1	medical-record	referral	$Step1(164.506(a): standard TPO use/disclosure (no authorization required), $Leaf(164.506(c)(2): treatment activities of health care provider))
other_university_hospital	lead_author	research_subject	ct_scan_B2	medical-record	referral	$Leaf(164.506(c)(2): treatment activities of health care provider)
other_university_hospital	lead_author	research_subject	ct_scan_B2	medical-record	referral	$Step1(164.506(a): standard TPO use/disclosure (no authorization required), $Leaf(164.506(c)(2): treatment activities of health care provider))
other_university_hospital	lead_author	research_subject	reidentified_face	medical-record	referral	$Leaf(164.506(c)(2): treatment activities of health care provider)
other_university_hospital	lead_author	research_subject	reidentified_face	medical-record	referral	$Step1(164.506(a): standard TPO use/disclosure (no authorization required), $Leaf(164.506(c)(2): treatment activities of health care provider))
other_university_hospital	other_university_hospital	research_subject	ct_scan_A1	medical-record	referral	$Leaf(164.506(c)(1): covered entity's own TPO)
other_university_hospital	other_university_hospital	research_subject	ct_scan_A1	medical-record	referral	$Step1(164.506(a): standard TPO use/disclosure (no authorization required), $Leaf(164.506(c)(1): covered entity's own TPO))
other_university_hospital	other_university_hospital	research_subject	ct_scan_A2	medical-record	referral	$Leaf(164.506(c)(1): covered entity's own TPO)
other_university_hospital	other_university_hospital	research_subject	ct_scan_A2	medical-record	referral	$Step1(164.506(a): standard TPO use/disclosure (no authorization required), $Leaf(164.506(c)(1): covered entity's own TPO))
other_university_hospital	other_university_hospital	research_subject	ct_scan_B1	medical-record	referral	$Leaf(164.506(c)(1): covered entity's own TPO)
other_university_hospital	other_university_hospital	research_subject	ct_scan_B1	medical-record	referral	$Step1(164.506(a): standard TPO use/disclosure (no authorization required), $Leaf(164.506(c)(1): covered entity's own TPO))
other_university_hospital	other_university_hospital	research_subject	ct_scan_B2	medical-record	referral	$Leaf(164.506(c)(1): covered entity's own TPO)
other_university_hospital	other_university_hospital	research_subject	ct_scan_B2	medical-record	referral	$Step1(164.506(a): standard TPO use/disclosure (no authorization required), $Leaf(164.506(c)(1): covered entity's own TPO))
other_university_hospital	other_university_hospital	research_subject	reidentified_face	medical-record	referral	$Leaf(164.506(c)(1): covered entity's own TPO)
other_university_hospital	other_university_hospital	research_subject	reidentified_face	medical-record	referral	$Step1(164.506(a): standard TPO use/disclosure (no authorization required), $Leaf(164.506(c)(1): covered entity's own TPO))
research_hospital	research_hospital	research_subject	ct_scan_A1	medical-record	consultation	$Leaf(164.506(c)(1): covered entity's own TPO)
research_hospital	research_hospital	research_subject	ct_scan_A1	medical-record	consultation	$Step1(164.506(a): standard TPO use/disclosure (no authorization required), $Leaf(164.506(c)(1): covered entity's own TPO))
research_hospital	research_hospital	research_subject	ct_scan_A2	medical-record	consultation	$Leaf(164.506(c)(1): covered entity's own TPO)
research_hospital	research_hospital	research_subject	ct_scan_A2	medical-record	consultation	$Step1(164.506(a): standard TPO use/disclosure (no authorization required), $Leaf(164.506(c)(1): covered entity's own TPO))
research_hospital	research_hospital	research_subject	ct_scan_B1	medical-record	consultation	$Leaf(164.506(c)(1): covered entity's own TPO)
research_hospital	research_hospital	research_subject	ct_scan_B1	medical-record	consultation	$Step1(164.506(a): standard TPO use/disclosure (no authorization required), $Leaf(164.506(c)(1): covered entity's own TPO))
research_hospital	research_hospital	research_subject	ct_scan_B2	medical-record	consultation	$Leaf(164.506(c)(1): covered entity's own TPO)
research_hospital	research_hospital	research_subject	ct_scan_B2	medical-record	consultation	$Step1(164.506(a): standard TPO use/disclosure (no authorization required), $Leaf(164.506(c)(1): covered entity's own TPO))
research_hospital	research_hospital	research_subject	reidentified_face	medical-record	consultation	$Leaf(164.506(c)(1): covered entity's own TPO)
research_hospital	research_hospital	research_subject	reidentified_face	medical-record	consultation	$Step1(164.506(a): standard TPO use/disclosure (no authorization required), $Leaf(164.506(c)(1): covered entity's own TPO))
research_hospital	lead_author	research_subject	ct_scan_A1	medical-record	consultation	$Leaf(164.506(c)(2): treatment activities of health care provider)
research_hospital	lead_author	research_subject	ct_scan_A1	medical-record	consultation	$Step1(164.506(a): standard TPO use/disclosure (no authorization required), $Leaf(164.506(c)(2): treatment activities of health care provider))
research_hospital	lead_author	research_subject	ct_scan_A2	medical-record	consultation	$Leaf(164.506(c)(2): treatment activities of health care provider)
research_hospital	lead_author	research_subject	ct_scan_A2	medical-record	consultation	$Step1(164.506(a): standard TPO use/disclosure (no authorization required), $Leaf(164.506(c)(2): treatment activities of health care provider))
research_hospital	lead_author	research_subject	ct_scan_B1	medical-record	consultation	$Leaf(164.506(c)(2): treatment activities of health care provider)
research_hospital	lead_author	research_subject	ct_scan_B1	medical-record	consultation	$Step1(164.506(a): standard TPO use/disclosure (no authorization required), $Leaf(164.506(c)(2): treatment activities of health care provider))
research_hospital	lead_author	research_subject	ct_scan_B2	medical-record	consultation	$Leaf(164.506(c)(2): treatment activities of health care provider)
research_hospital	lead_author	research_subject	ct_scan_B2	medical-record	consultation	$Step1(164.506(a): standard TPO use/disclosure (no authorization required), $Leaf(164.506(c)(2): treatment activities of health care provider))
research_hospital	lead_author	research_subject	reidentified_face	medical-record	consultation	$Leaf(164.506(c)(2): treatment activities of health care provider)
research_hospital	lead_author	research_subject	reidentified_face	medical-record	consultation	$Step1(164.506(a): standard TPO use/disclosure (no authorization required), $Leaf(164.506(c)(2): treatment activities of health care provider))
lead_author	lead_author	research_subject	ct_scan_A1	medical-record	consultation	$Leaf(164.506(c)(1): covered entity's own TPO)
lead_author	lead_author	research_subject	ct_scan_A1	medical-record	consultation	$Leaf(164.506(c)(2): treatment activities of health care provider)
lead_author	lead_author	research_subject	ct_scan_A1	medical-record	consultation	$Step1(164.506(a): standard TPO use/disclosure (no authorization required), $Leaf(164.506(c)(1): covered entity's own TPO))
lead_author	lead_author	research_subject	ct_scan_A1	medical-record	consultation	$Step1(164.506(a): standard TPO use/disclosure (no authorization required), $Leaf(164.506(c)(2): treatment activities of health care provider))
lead_author	lead_author	research_subject	ct_scan_A2	medical-record	consultation	$Leaf(164.506(c)(1): covered entity's own TPO)
lead_author	lead_author	research_subject	ct_scan_A2	medical-record	consultation	$Leaf(164.506(c)(2): treatment activities of health care provider)
lead_author	lead_author	research_subject	ct_scan_A2	medical-record	consultation	$Step1(164.506(a): standard TPO use/disclosure (no authorization required), $Leaf(164.506(c)(1): covered entity's own TPO))
lead_author	lead_author	research_subject	ct_scan_A2	medical-record	consultation	$Step1(164.506(a): standard TPO use/disclosure (no authorization required), $Leaf(164.506(c)(2): treatment activities of health care provider))
lead_author	lead_author	research_subject	ct_scan_B1	medical-record	consultation	$Leaf(164.506(c)(1): covered entity's own TPO)
lead_author	lead_author	research_subject	ct_scan_B1	medical-record	consultation	$Leaf(164.506(c)(2): treatment activities of health care provider)
lead_author	lead_author	research_subject	ct_scan_B1	medical-record	consultation	$Step1(164.506(a): standard TPO use/disclosure (no authorization required), $Leaf(164.506(c)(1): covered entity's own TPO))
lead_author	lead_author	research_subject	ct_scan_B1	medical-record	consultation	$Step1(164.506(a): standard TPO use/disclosure (no authorization required), $Leaf(164.506(c)(2): treatment activities of health care provider))
lead_author	lead_author	research_subject	ct_scan_B2	medical-record	consultation	$Leaf(164.506(c)(1): covered entity's own TPO)
lead_author	lead_author	research_subject	ct_scan_B2	medical-record	consultation	$Leaf(164.506(c)(2): treatment activities of health care provider)
lead_author	lead_author	research_subject	ct_scan_B2	medical-record	consultation	$Step1(164.506(a): standard TPO use/disclosure (no authorization required), $Leaf(164.506(c)(1): covered entity's own TPO))
lead_author	lead_author	research_subject	ct_scan_B2	medical-record	consultation	$Step1(164.506(a): standard TPO use/disclosure (no authorization required), $Leaf(164.506(c)(2): treatment activities of health care provider))
lead_author	lead_author	research_subject	reidentified_face	medical-record	consultation	$Leaf(164.506(c)(1): covered entity's own TPO)
lead_author	lead_author	research_subject	reidentified_face	medical-record	consultation	$Leaf(164.506(c)(2): treatment activities of health care provider)
lead_author	lead_author	research_subject	reidentified_face	medical-record	consultation	$Step1(164.506(a): standard TPO use/disclosure (no authorization required), $Leaf(164.506(c)(1): covered entity's own TPO))
lead_author	lead_author	research_subject	reidentified_face	medical-record	consultation	$Step1(164.506(a): standard TPO use/disclosure (no authorization required), $Leaf(164.506(c)(2): treatment activities of health care provider))
other_university_hospital	lead_author	research_subject	ct_scan_A1	medical-record	consultation	$Leaf(164.506(c)(2): treatment activities of health care provider)
other_university_hospital	lead_author	research_subject	ct_scan_A1	medical-record	consultation	$Step1(164.506(a): standard TPO use/disclosure (no authorization required), $Leaf(164.506(c)(2): treatment activities of health care provider))
other_university_hospital	lead_author	research_subject	ct_scan_A2	medical-record	consultation	$Leaf(164.506(c)(2): treatment activities of health care provider)
other_university_hospital	lead_author	research_subject	ct_scan_A2	medical-record	consultation	$Step1(164.506(a): standard TPO use/disclosure (no authorization required), $Leaf(164.506(c)(2): treatment activities of health care provider))
other_university_hospital	lead_author	research_subject	ct_scan_B1	medical-record	consultation	$Leaf(164.506(c)(2): treatment activities of health care provider)
other_university_hospital	lead_author	research_subject	ct_scan_B1	medical-record	consultation	$Step1(164.506(a): standard TPO use/disclosure (no authorization required), $Leaf(164.506(c)(2): treatment activities of health care provider))
other_university_hospital	lead_author	research_subject	ct_scan_B2	medical-record	consultation	$Leaf(164.506(c)(2): treatment activities of health care provider)
other_university_hospital	lead_author	research_subject	ct_scan_B2	medical-record	consultation	$Step1(164.506(a): standard TPO use/disclosure (no authorization required), $Leaf(164.506(c)(2): treatment activities of health care provider))
other_university_hospital	lead_author	research_subject	reidentified_face	medical-record	consultation	$Leaf(164.506(c)(2): treatment activities of health care provider)
other_university_hospital	lead_author	research_subject	reidentified_face	medical-record	consultation	$Step1(164.506(a): standard TPO use/disclosure (no authorization required), $Leaf(164.506(c)(2): treatment activities of health care provider))
other_university_hospital	other_university_hospital	research_subject	ct_scan_A1	medical-record	consultation	$Leaf(164.506(c)(1): covered entity's own TPO)
other_university_hospital	other_university_hospital	research_subject	ct_scan_A1	medical-record	consultation	$Step1(164.506(a): standard TPO use/disclosure (no authorization required), $Leaf(164.506(c)(1): covered entity's own TPO))
other_university_hospital	other_university_hospital	research_subject	ct_scan_A2	medical-record	consultation	$Leaf(164.506(c)(1): covered entity's own TPO)
other_university_hospital	other_university_hospital	research_subject	ct_scan_A2	medical-record	consultation	$Step1(164.506(a): standard TPO use/disclosure (no authorization required), $Leaf(164.506(c)(1): covered entity's own TPO))
other_university_hospital	other_university_hospital	research_subject	ct_scan_B1	medical-record	consultation	$Leaf(164.506(c)(1): covered entity's own TPO)
other_university_hospital	other_university_hospital	research_subject	ct_scan_B1	medical-record	consultation	$Step1(164.506(a): standard TPO use/disclosure (no authorization required), $Leaf(164.506(c)(1): covered entity's own TPO))
other_university_hospital	other_university_hospital	research_subject	ct_scan_B2	medical-record	consultation	$Leaf(164.506(c)(1): covered entity's own TPO)
other_university_hospital	other_university_hospital	research_subject	ct_scan_B2	medical-record	consultation	$Step1(164.506(a): standard TPO use/disclosure (no authorization required), $Leaf(164.506(c)(1): covered entity's own TPO))
other_university_hospital	other_university_hospital	research_subject	reidentified_face	medical-record	consultation	$Leaf(164.506(c)(1): covered entity's own TPO)
other_university_hospital	other_university_hospital	research_subject	reidentified_face	medical-record	consultation	$Step1(164.506(a): standard TPO use/disclosure (no authorization required), $Leaf(164.506(c)(1): covered entity's own TPO))
research_hospital	research_hospital	research_subject	ct_scan_A1	medical-record	emergency-treatment	$Leaf(164.506(c)(1): covered entity's own TPO)
research_hospital	research_hospital	research_subject	ct_scan_A1	medical-record	emergency-treatment	$Step1(164.506(a): standard TPO use/disclosure (no authorization required), $Leaf(164.506(c)(1): covered entity's own TPO))
research_hospital	research_hospital	research_subject	ct_scan_A2	medical-record	emergency-treatment	$Leaf(164.506(c)(1): covered entity's own TPO)
research_hospital	research_hospital	research_subject	ct_scan_A2	medical-record	emergency-treatment	$Step1(164.506(a): standard TPO use/disclosure (no authorization required), $Leaf(164.506(c)(1): covered entity's own TPO))
research_hospital	research_hospital	research_subject	ct_scan_B1	medical-record	emergency-treatment	$Leaf(164.506(c)(1): covered entity's own TPO)
research_hospital	research_hospital	research_subject	ct_scan_B1	medical-record	emergency-treatment	$Step1(164.506(a): standard TPO use/disclosure (no authorization required), $Leaf(164.506(c)(1): covered entity's own TPO))
research_hospital	research_hospital	research_subject	ct_scan_B2	medical-record	emergency-treatment	$Leaf(164.506(c)(1): covered entity's own TPO)
research_hospital	research_hospital	research_subject	ct_scan_B2	medical-record	emergency-treatment	$Step1(164.506(a): standard TPO use/disclosure (no authorization required), $Leaf(164.506(c)(1): covered entity's own TPO))
research_hospital	research_hospital	research_subject	reidentified_face	medical-record	emergency-treatment	$Leaf(164.506(c)(1): covered entity's own TPO)
research_hospital	research_hospital	research_subject	reidentified_face	medical-record	emergency-treatment	$Step1(164.506(a): standard TPO use/disclosure (no authorization required), $Leaf(164.506(c)(1): covered entity's own TPO))
research_hospital	lead_author	research_subject	ct_scan_A1	medical-record	emergency-treatment	$Leaf(164.506(c)(2): treatment activities of health care provider)
research_hospital	lead_author	research_subject	ct_scan_A1	medical-record	emergency-treatment	$Step1(164.506(a): standard TPO use/disclosure (no authorization required), $Leaf(164.506(c)(2): treatment activities of health care provider))
research_hospital	lead_author	research_subject	ct_scan_A2	medical-record	emergency-treatment	$Leaf(164.506(c)(2): treatment activities of health care provider)
research_hospital	lead_author	research_subject	ct_scan_A2	medical-record	emergency-treatment	$Step1(164.506(a): standard TPO use/disclosure (no authorization required), $Leaf(164.506(c)(2): treatment activities of health care provider))
research_hospital	lead_author	research_subject	ct_scan_B1	medical-record	emergency-treatment	$Leaf(164.506(c)(2): treatment activities of health care provider)
research_hospital	lead_author	research_subject	ct_scan_B1	medical-record	emergency-treatment	$Step1(164.506(a): standard TPO use/disclosure (no authorization required), $Leaf(164.506(c)(2): treatment activities of health care provider))
research_hospital	lead_author	research_subject	ct_scan_B2	medical-record	emergency-treatment	$Leaf(164.506(c)(2): treatment activities of health care provider)
research_hospital	lead_author	research_subject	ct_scan_B2	medical-record	emergency-treatment	$Step1(164.506(a): standard TPO use/disclosure (no authorization required), $Leaf(164.506(c)(2): treatment activities of health care provider))
research_hospital	lead_author	research_subject	reidentified_face	medical-record	emergency-treatment	$Leaf(164.506(c)(2): treatment activities of health care provider)
research_hospital	lead_author	research_subject	reidentified_face	medical-record	emergency-treatment	$Step1(164.506(a): standard TPO use/disclosure (no authorization required), $Leaf(164.506(c)(2): treatment activities of health care provider))
lead_author	lead_author	research_subject	ct_scan_A1	medical-record	emergency-treatment	$Leaf(164.506(c)(1): covered entity's own TPO)
lead_author	lead_author	research_subject	ct_scan_A1	medical-record	emergency-treatment	$Leaf(164.506(c)(2): treatment activities of health care provider)
lead_author	lead_author	research_subject	ct_scan_A1	medical-record	emergency-treatment	$Step1(164.506(a): standard TPO use/disclosure (no authorization required), $Leaf(164.506(c)(1): covered entity's own TPO))
lead_author	lead_author	research_subject	ct_scan_A1	medical-record	emergency-treatment	$Step1(164.506(a): standard TPO use/disclosure (no authorization required), $Leaf(164.506(c)(2): treatment activities of health care provider))
lead_author	lead_author	research_subject	ct_scan_A2	medical-record	emergency-treatment	$Leaf(164.506(c)(1): covered entity's own TPO)
lead_author	lead_author	research_subject	ct_scan_A2	medical-record	emergency-treatment	$Leaf(164.506(c)(2): treatment activities of health care provider)
lead_author	lead_author	research_subject	ct_scan_A2	medical-record	emergency-treatment	$Step1(164.506(a): standard TPO use/disclosure (no authorization required), $Leaf(164.506(c)(1): covered entity's own TPO))
lead_author	lead_author	research_subject	ct_scan_A2	medical-record	emergency-treatment	$Step1(164.506(a): standard TPO use/disclosure (no authorization required), $Leaf(164.506(c)(2): treatment activities of health care provider))
lead_author	lead_author	research_subject	ct_scan_B1	medical-record	emergency-treatment	$Leaf(164.506(c)(1): covered entity's own TPO)
lead_author	lead_author	research_subject	ct_scan_B1	medical-record	emergency-treatment	$Leaf(164.506(c)(2): treatment activities of health care provider)
lead_author	lead_author	research_subject	ct_scan_B1	medical-record	emergency-treatment	$Step1(164.506(a): standard TPO use/disclosure (no authorization required), $Leaf(164.506(c)(1): covered entity's own TPO))
lead_author	lead_author	research_subject	ct_scan_B1	medical-record	emergency-treatment	$Step1(164.506(a): standard TPO use/disclosure (no authorization required), $Leaf(164.506(c)(2): treatment activities of health care provider))
lead_author	lead_author	research_subject	ct_scan_B2	medical-record	emergency-treatment	$Leaf(164.506(c)(1): covered entity's own TPO)
lead_author	lead_author	research_subject	ct_scan_B2	medical-record	emergency-treatment	$Leaf(164.506(c)(2): treatment activities of health care provider)
lead_author	lead_author	research_subject	ct_scan_B2	medical-record	emergency-treatment	$Step1(164.506(a): standard TPO use/disclosure (no authorization required), $Leaf(164.506(c)(1): covered entity's own TPO))
lead_author	lead_author	research_subject	ct_scan_B2	medical-record	emergency-treatment	$Step1(164.506(a): standard TPO use/disclosure (no authorization required), $Leaf(164.506(c)(2): treatment activities of health care provider))
lead_author	lead_author	research_subject	reidentified_face	medical-record	emergency-treatment	$Leaf(164.506(c)(1): covered entity's own TPO)
lead_author	lead_author	research_subject	reidentified_face	medical-record	emergency-treatment	$Leaf(164.506(c)(2): treatment activities of health care provider)
lead_author	lead_author	research_subject	reidentified_face	medical-record	emergency-treatment	$Step1(164.506(a): standard TPO use/disclosure (no authorization required), $Leaf(164.506(c)(1): covered entity's own TPO))
lead_author	lead_author	research_subject	reidentified_face	medical-record	emergency-treatment	$Step1(164.506(a): standard TPO use/disclosure (no authorization required), $Leaf(164.506(c)(2): treatment activities of health care provider))
other_university_hospital	lead_author	research_subject	ct_scan_A1	medical-record	emergency-treatment	$Leaf(164.506(c)(2): treatment activities of health care provider)
other_university_hospital	lead_author	research_subject	ct_scan_A1	medical-record	emergency-treatment	$Step1(164.506(a): standard TPO use/disclosure (no authorization required), $Leaf(164.506(c)(2): treatment activities of health care provider))
other_university_hospital	lead_author	research_subject	ct_scan_A2	medical-record	emergency-treatment	$Leaf(164.506(c)(2): treatment activities of health care provider)
other_university_hospital	lead_author	research_subject	ct_scan_A2	medical-record	emergency-treatment	$Step1(164.506(a): standard TPO use/disclosure (no authorization required), $Leaf(164.506(c)(2): treatment activities of health care provider))
other_university_hospital	lead_author	research_subject	ct_scan_B1	medical-record	emergency-treatment	$Leaf(164.506(c)(2): treatment activities of health care provider)
other_university_hospital	lead_author	research_subject	ct_scan_B1	medical-record	emergency-treatment	$Step1(164.506(a): standard TPO use/disclosure (no authorization required), $Leaf(164.506(c)(2): treatment activities of health care provider))
other_university_hospital	lead_author	research_subject	ct_scan_B2	medical-record	emergency-treatment	$Leaf(164.506(c)(2): treatment activities of health care provider)
other_university_hospital	lead_author	research_subject	ct_scan_B2	medical-record	emergency-treatment	$Step1(164.506(a): standard TPO use/disclosure (no authorization required), $Leaf(164.506(c)(2): treatment activities of health care provider))
other_university_hospital	lead_author	research_subject	reidentified_face	medical-record	emergency-treatment	$Leaf(164.506(c)(2): treatment activities of health care provider)
other_university_hospital	lead_author	research_subject	reidentified_face	medical-record	emergency-treatment	$Step1(164.506(a): standard TPO use/disclosure (no authorization required), $Leaf(164.506(c)(2): treatment activities of health care provider))
other_university_hospital	other_university_hospital	research_subject	ct_scan_A1	medical-record	emergency-treatment	$Leaf(164.506(c)(1): covered entity's own TPO)
other_university_hospital	other_university_hospital	research_subject	ct_scan_A1	medical-record	emergency-treatment	$Step1(164.506(a): standard TPO use/disclosure (no authorization required), $Leaf(164.506(c)(1): covered entity's own TPO))
other_university_hospital	other_university_hospital	research_subject	ct_scan_A2	medical-record	emergency-treatment	$Leaf(164.506(c)(1): covered entity's own TPO)
other_university_hospital	other_university_hospital	research_subject	ct_scan_A2	medical-record	emergency-treatment	$Step1(164.506(a): standard TPO use/disclosure (no authorization required), $Leaf(164.506(c)(1): covered entity's own TPO))
other_university_hospital	other_university_hospital	research_subject	ct_scan_B1	medical-record	emergency-treatment	$Leaf(164.506(c)(1): covered entity's own TPO)
other_university_hospital	other_university_hospital	research_subject	ct_scan_B1	medical-record	emergency-treatment	$Step1(164.506(a): standard TPO use/disclosure (no authorization required), $Leaf(164.506(c)(1): covered entity's own TPO))
other_university_hospital	other_university_hospital	research_subject	ct_scan_B2	medical-record	emergency-treatment	$Leaf(164.506(c)(1): covered entity's own TPO)
other_university_hospital	other_university_hospital	research_subject	ct_scan_B2	medical-record	emergency-treatment	$Step1(164.506(a): standard TPO use/disclosure (no authorization required), $Leaf(164.506(c)(1): covered entity's own TPO))
other_university_hospital	other_university_hospital	research_subject	reidentified_face	medical-record	emergency-treatment	$Leaf(164.506(c)(1): covered entity's own TPO)
other_university_hospital	other_university_hospital	research_subject	reidentified_face	medical-record	emergency-treatment	$Step1(164.506(a): standard TPO use/disclosure (no authorization required), $Leaf(164.506(c)(1): covered entity's own TPO))
research_hospital	research_hospital	research_subject	ct_scan_A1	medical-record	billing	$Leaf(164.506(c)(1): covered entity's own TPO)
research_hospital	research_hospital	research_subject	ct_scan_A1	medical-record	billing	$Leaf(164.506(c)(3): payment activities of receiving entity)
research_hospital	research_hospital	research_subject	ct_scan_A1	medical-record	billing	$Step1(164.506(a): standard TPO use/disclosure (no authorization required), $Leaf(164.506(c)(1): covered entity's own TPO))
research_hospital	research_hospital	research_subject	ct_scan_A1	medical-record	billing	$Step1(164.506(a): standard TPO use/disclosure (no authorization required), $Leaf(164.506(c)(3): payment activities of receiving entity))
research_hospital	research_hospital	research_subject	ct_scan_A2	medical-record	billing	$Leaf(164.506(c)(1): covered entity's own TPO)
research_hospital	research_hospital	research_subject	ct_scan_A2	medical-record	billing	$Leaf(164.506(c)(3): payment activities of receiving entity)
research_hospital	research_hospital	research_subject	ct_scan_A2	medical-record	billing	$Step1(164.506(a): standard TPO use/disclosure (no authorization required), $Leaf(164.506(c)(1): covered entity's own TPO))
research_hospital	research_hospital	research_subject	ct_scan_A2	medical-record	billing	$Step1(164.506(a): standard TPO use/disclosure (no authorization required), $Leaf(164.506(c)(3): payment activities of receiving entity))
research_hospital	research_hospital	research_subject	ct_scan_B1	medical-record	billing	$Leaf(164.506(c)(1): covered entity's own TPO)
research_hospital	research_hospital	research_subject	ct_scan_B1	medical-record	billing	$Leaf(164.506(c)(3): payment activities of receiving entity)
research_hospital	research_hospital	research_subject	ct_scan_B1	medical-record	billing	$Step1(164.506(a): standard TPO use/disclosure (no authorization required), $Leaf(164.506(c)(1): covered entity's own TPO))
research_hospital	research_hospital	research_subject	ct_scan_B1	medical-record	billing	$Step1(164.506(a): standard TPO use/disclosure (no authorization required), $Leaf(164.506(c)(3): payment activities of receiving entity))
research_hospital	research_hospital	research_subject	ct_scan_B2	medical-record	billing	$Leaf(164.506(c)(1): covered entity's own TPO)
research_hospital	research_hospital	research_subject	ct_scan_B2	medical-record	billing	$Leaf(164.506(c)(3): payment activities of receiving entity)
research_hospital	research_hospital	research_subject	ct_scan_B2	medical-record	billing	$Step1(164.506(a): standard TPO use/disclosure (no authorization required), $Leaf(164.506(c)(1): covered entity's own TPO))
research_hospital	research_hospital	research_subject	ct_scan_B2	medical-record	billing	$Step1(164.506(a): standard TPO use/disclosure (no authorization required), $Leaf(164.506(c)(3): payment activities of receiving entity))
research_hospital	research_hospital	research_subject	reidentified_face	medical-record	billing	$Leaf(164.506(c)(1): covered entity's own TPO)
research_hospital	research_hospital	research_subject	reidentified_face	medical-record	billing	$Leaf(164.506(c)(3): payment activities of receiving entity)
research_hospital	research_hospital	research_subject	reidentified_face	medical-record	billing	$Step1(164.506(a): standard TPO use/disclosure (no authorization required), $Leaf(164.506(c)(1): covered entity's own TPO))
research_hospital	research_hospital	research_subject	reidentified_face	medical-record	billing	$Step1(164.506(a): standard TPO use/disclosure (no authorization required), $Leaf(164.506(c)(3): payment activities of receiving entity))
research_hospital	lead_author	research_subject	ct_scan_A1	medical-record	billing	$Leaf(164.506(c)(3): payment activities of receiving entity)
research_hospital	lead_author	research_subject	ct_scan_A1	medical-record	billing	$Step1(164.506(a): standard TPO use/disclosure (no authorization required), $Leaf(164.506(c)(3): payment activities of receiving entity))
research_hospital	lead_author	research_subject	ct_scan_A2	medical-record	billing	$Leaf(164.506(c)(3): payment activities of receiving entity)
research_hospital	lead_author	research_subject	ct_scan_A2	medical-record	billing	$Step1(164.506(a): standard TPO use/disclosure (no authorization required), $Leaf(164.506(c)(3): payment activities of receiving entity))
research_hospital	lead_author	research_subject	ct_scan_B1	medical-record	billing	$Leaf(164.506(c)(3): payment activities of receiving entity)
research_hospital	lead_author	research_subject	ct_scan_B1	medical-record	billing	$Step1(164.506(a): standard TPO use/disclosure (no authorization required), $Leaf(164.506(c)(3): payment activities of receiving entity))
research_hospital	lead_author	research_subject	ct_scan_B2	medical-record	billing	$Leaf(164.506(c)(3): payment activities of receiving entity)
research_hospital	lead_author	research_subject	ct_scan_B2	medical-record	billing	$Step1(164.506(a): standard TPO use/disclosure (no authorization required), $Leaf(164.506(c)(3): payment activities of receiving entity))
research_hospital	lead_author	research_subject	reidentified_face	medical-record	billing	$Leaf(164.506(c)(3): payment activities of receiving entity)
research_hospital	lead_author	research_subject	reidentified_face	medical-record	billing	$Step1(164.506(a): standard TPO use/disclosure (no authorization required), $Leaf(164.506(c)(3): payment activities of receiving entity))
research_hospital	other_university_hospital	research_subject	ct_scan_A1	medical-record	billing	$Leaf(164.506(c)(3): payment activities of receiving entity)
research_hospital	other_university_hospital	research_subject	ct_scan_A1	medical-record	billing	$Step1(164.506(a): standard TPO use/disclosure (no authorization required), $Leaf(164.506(c)(3): payment activities of receiving entity))
research_hospital	other_university_hospital	research_subject	ct_scan_A2	medical-record	billing	$Leaf(164.506(c)(3): payment activities of receiving entity)
research_hospital	other_university_hospital	research_subject	ct_scan_A2	medical-record	billing	$Step1(164.506(a): standard TPO use/disclosure (no authorization required), $Leaf(164.506(c)(3): payment activities of receiving entity))
research_hospital	other_university_hospital	research_subject	ct_scan_B1	medical-record	billing	$Leaf(164.506(c)(3): payment activities of receiving entity)
research_hospital	other_university_hospital	research_subject	ct_scan_B1	medical-record	billing	$Step1(164.506(a): standard TPO use/disclosure (no authorization required), $Leaf(164.506(c)(3): payment activities of receiving entity))
research_hospital	other_university_hospital	research_subject	ct_scan_B2	medical-record	billing	$Leaf(164.506(c)(3): payment activities of receiving entity)
research_hospital	other_university_hospital	research_subject	ct_scan_B2	medical-record	billing	$Step1(164.506(a): standard TPO use/disclosure (no authorization required), $Leaf(164.506(c)(3): payment activities of receiving entity))
research_hospital	other_university_hospital	research_subject	reidentified_face	medical-record	billing	$Leaf(164.506(c)(3): payment activities of receiving entity)
research_hospital	other_university_hospital	research_subject	reidentified_face	medical-record	billing	$Step1(164.506(a): standard TPO use/disclosure (no authorization required), $Leaf(164.506(c)(3): payment activities of receiving entity))
lead_author	research_hospital	research_subject	ct_scan_A1	medical-record	billing	$Leaf(164.506(c)(3): payment activities of receiving entity)
lead_author	research_hospital	research_subject	ct_scan_A1	medical-record	billing	$Step1(164.506(a): standard TPO use/disclosure (no authorization required), $Leaf(164.506(c)(3): payment activities of receiving entity))
lead_author	research_hospital	research_subject	ct_scan_A2	medical-record	billing	$Leaf(164.506(c)(3): payment activities of receiving entity)
lead_author	research_hospital	research_subject	ct_scan_A2	medical-record	billing	$Step1(164.506(a): standard TPO use/disclosure (no authorization required), $Leaf(164.506(c)(3): payment activities of receiving entity))
lead_author	research_hospital	research_subject	ct_scan_B1	medical-record	billing	$Leaf(164.506(c)(3): payment activities of receiving entity)
lead_author	research_hospital	research_subject	ct_scan_B1	medical-record	billing	$Step1(164.506(a): standard TPO use/disclosure (no authorization required), $Leaf(164.506(c)(3): payment activities of receiving entity))
lead_author	research_hospital	research_subject	ct_scan_B2	medical-record	billing	$Leaf(164.506(c)(3): payment activities of receiving entity)
lead_author	research_hospital	research_subject	ct_scan_B2	medical-record	billing	$Step1(164.506(a): standard TPO use/disclosure (no authorization required), $Leaf(164.506(c)(3): payment activities of receiving entity))
lead_author	research_hospital	research_subject	reidentified_face	medical-record	billing	$Leaf(164.506(c)(3): payment activities of receiving entity)
lead_author	research_hospital	research_subject	reidentified_face	medical-record	billing	$Step1(164.506(a): standard TPO use/disclosure (no authorization required), $Leaf(164.506(c)(3): payment activities of receiving entity))
lead_author	lead_author	research_subject	ct_scan_A1	medical-record	billing	$Leaf(164.506(c)(1): covered entity's own TPO)
lead_author	lead_author	research_subject	ct_scan_A1	medical-record	billing	$Leaf(164.506(c)(3): payment activities of receiving entity)
lead_author	lead_author	research_subject	ct_scan_A1	medical-record	billing	$Step1(164.506(a): standard TPO use/disclosure (no authorization required), $Leaf(164.506(c)(1): covered entity's own TPO))
lead_author	lead_author	research_subject	ct_scan_A1	medical-record	billing	$Step1(164.506(a): standard TPO use/disclosure (no authorization required), $Leaf(164.506(c)(3): payment activities of receiving entity))
lead_author	lead_author	research_subject	ct_scan_A2	medical-record	billing	$Leaf(164.506(c)(1): covered entity's own TPO)
lead_author	lead_author	research_subject	ct_scan_A2	medical-record	billing	$Leaf(164.506(c)(3): payment activities of receiving entity)
lead_author	lead_author	research_subject	ct_scan_A2	medical-record	billing	$Step1(164.506(a): standard TPO use/disclosure (no authorization required), $Leaf(164.506(c)(1): covered entity's own TPO))
lead_author	lead_author	research_subject	ct_scan_A2	medical-record	billing	$Step1(164.506(a): standard TPO use/disclosure (no authorization required), $Leaf(164.506(c)(3): payment activities of receiving entity))
lead_author	lead_author	research_subject	ct_scan_B1	medical-record	billing	$Leaf(164.506(c)(1): covered entity's own TPO)
lead_author	lead_author	research_subject	ct_scan_B1	medical-record	billing	$Leaf(164.506(c)(3): payment activities of receiving entity)
lead_author	lead_author	research_subject	ct_scan_B1	medical-record	billing	$Step1(164.506(a): standard TPO use/disclosure (no authorization required), $Leaf(164.506(c)(1): covered entity's own TPO))
lead_author	lead_author	research_subject	ct_scan_B1	medical-record	billing	$Step1(164.506(a): standard TPO use/disclosure (no authorization required), $Leaf(164.506(c)(3): payment activities of receiving entity))
lead_author	lead_author	research_subject	ct_scan_B2	medical-record	billing	$Leaf(164.506(c)(1): covered entity's own TPO)
lead_author	lead_author	research_subject	ct_scan_B2	medical-record	billing	$Leaf(164.506(c)(3): payment activities of receiving entity)
lead_author	lead_author	research_subject	ct_scan_B2	medical-record	billing	$Step1(164.506(a): standard TPO use/disclosure (no authorization required), $Leaf(164.506(c)(1): covered entity's own TPO))
lead_author	lead_author	research_subject	ct_scan_B2	medical-record	billing	$Step1(164.506(a): standard TPO use/disclosure (no authorization required), $Leaf(164.506(c)(3): payment activities of receiving entity))
lead_author	lead_author	research_subject	reidentified_face	medical-record	billing	$Leaf(164.506(c)(1): covered entity's own TPO)
lead_author	lead_author	research_subject	reidentified_face	medical-record	billing	$Leaf(164.506(c)(3): payment activities of receiving entity)
lead_author	lead_author	research_subject	reidentified_face	medical-record	billing	$Step1(164.506(a): standard TPO use/disclosure (no authorization required), $Leaf(164.506(c)(1): covered entity's own TPO))
lead_author	lead_author	research_subject	reidentified_face	medical-record	billing	$Step1(164.506(a): standard TPO use/disclosure (no authorization required), $Leaf(164.506(c)(3): payment activities of receiving entity))
lead_author	other_university_hospital	research_subject	ct_scan_A1	medical-record	billing	$Leaf(164.506(c)(3): payment activities of receiving entity)
lead_author	other_university_hospital	research_subject	ct_scan_A1	medical-record	billing	$Step1(164.506(a): standard TPO use/disclosure (no authorization required), $Leaf(164.506(c)(3): payment activities of receiving entity))
lead_author	other_university_hospital	research_subject	ct_scan_A2	medical-record	billing	$Leaf(164.506(c)(3): payment activities of receiving entity)
lead_author	other_university_hospital	research_subject	ct_scan_A2	medical-record	billing	$Step1(164.506(a): standard TPO use/disclosure (no authorization required), $Leaf(164.506(c)(3): payment activities of receiving entity))
lead_author	other_university_hospital	research_subject	ct_scan_B1	medical-record	billing	$Leaf(164.506(c)(3): payment activities of receiving entity)
lead_author	other_university_hospital	research_subject	ct_scan_B1	medical-record	billing	$Step1(164.506(a): standard TPO use/disclosure (no authorization required), $Leaf(164.506(c)(3): payment activities of receiving entity))
lead_author	other_university_hospital	research_subject	ct_scan_B2	medical-record	billing	$Leaf(164.506(c)(3): payment activities of receiving entity)
lead_author	other_university_hospital	research_subject	ct_scan_B2	medical-record	billing	$Step1(164.506(a): standard TPO use/disclosure (no authorization required), $Leaf(164.506(c)(3): payment activities of receiving entity))
lead_author	other_university_hospital	research_subject	reidentified_face	medical-record	billing	$Leaf(164.506(c)(3): payment activities of receiving entity)
lead_author	other_university_hospital	research_subject	reidentified_face	medical-record	billing	$Step1(164.506(a): standard TPO use/disclosure (no authorization required), $Leaf(164.506(c)(3): payment activities of receiving entity))
other_university_hospital	research_hospital	research_subject	ct_scan_A1	medical-record	billing	$Leaf(164.506(c)(3): payment activities of receiving entity)
other_university_hospital	research_hospital	research_subject	ct_scan_A1	medical-record	billing	$Step1(164.506(a): standard TPO use/disclosure (no authorization required), $Leaf(164.506(c)(3): payment activities of receiving entity))
other_university_hospital	research_hospital	research_subject	ct_scan_A2	medical-record	billing	$Leaf(164.506(c)(3): payment activities of receiving entity)
other_university_hospital	research_hospital	research_subject	ct_scan_A2	medical-record	billing	$Step1(164.506(a): standard TPO use/disclosure (no authorization required), $Leaf(164.506(c)(3): payment activities of receiving entity))
other_university_hospital	research_hospital	research_subject	ct_scan_B1	medical-record	billing	$Leaf(164.506(c)(3): payment activities of receiving entity)
other_university_hospital	research_hospital	research_subject	ct_scan_B1	medical-record	billing	$Step1(164.506(a): standard TPO use/disclosure (no authorization required), $Leaf(164.506(c)(3): payment activities of receiving entity))
other_university_hospital	research_hospital	research_subject	ct_scan_B2	medical-record	billing	$Leaf(164.506(c)(3): payment activities of receiving entity)
other_university_hospital	research_hospital	research_subject	ct_scan_B2	medical-record	billing	$Step1(164.506(a): standard TPO use/disclosure (no authorization required), $Leaf(164.506(c)(3): payment activities of receiving entity))
other_university_hospital	research_hospital	research_subject	reidentified_face	medical-record	billing	$Leaf(164.506(c)(3): payment activities of receiving entity)
other_university_hospital	research_hospital	research_subject	reidentified_face	medical-record	billing	$Step1(164.506(a): standard TPO use/disclosure (no authorization required), $Leaf(164.506(c)(3): payment activities of receiving entity))
other_university_hospital	lead_author	research_subject	ct_scan_A1	medical-record	billing	$Leaf(164.506(c)(3): payment activities of receiving entity)
other_university_hospital	lead_author	research_subject	ct_scan_A1	medical-record	billing	$Step1(164.506(a): standard TPO use/disclosure (no authorization required), $Leaf(164.506(c)(3): payment activities of receiving entity))
other_university_hospital	lead_author	research_subject	ct_scan_A2	medical-record	billing	$Leaf(164.506(c)(3): payment activities of receiving entity)
other_university_hospital	lead_author	research_subject	ct_scan_A2	medical-record	billing	$Step1(164.506(a): standard TPO use/disclosure (no authorization required), $Leaf(164.506(c)(3): payment activities of receiving entity))
other_university_hospital	lead_author	research_subject	ct_scan_B1	medical-record	billing	$Leaf(164.506(c)(3): payment activities of receiving entity)
other_university_hospital	lead_author	research_subject	ct_scan_B1	medical-record	billing	$Step1(164.506(a): standard TPO use/disclosure (no authorization required), $Leaf(164.506(c)(3): payment activities of receiving entity))
other_university_hospital	lead_author	research_subject	ct_scan_B2	medical-record	billing	$Leaf(164.506(c)(3): payment activities of receiving entity)
other_university_hospital	lead_author	research_subject	ct_scan_B2	medical-record	billing	$Step1(164.506(a): standard TPO use/disclosure (no authorization required), $Leaf(164.506(c)(3): payment activities of receiving entity))
other_university_hospital	lead_author	research_subject	reidentified_face	medical-record	billing	$Leaf(164.506(c)(3): payment activities of receiving entity)
other_university_hospital	lead_author	research_subject	reidentified_face	medical-record	billing	$Step1(164.506(a): standard TPO use/disclosure (no authorization required), $Leaf(164.506(c)(3): payment activities of receiving entity))
other_university_hospital	other_university_hospital	research_subject	ct_scan_A1	medical-record	billing	$Leaf(164.506(c)(1): covered entity's own TPO)
other_university_hospital	other_university_hospital	research_subject	ct_scan_A1	medical-record	billing	$Leaf(164.506(c)(3): payment activities of receiving entity)
other_university_hospital	other_university_hospital	research_subject	ct_scan_A1	medical-record	billing	$Step1(164.506(a): standard TPO use/disclosure (no authorization required), $Leaf(164.506(c)(1): covered entity's own TPO))
other_university_hospital	other_university_hospital	research_subject	ct_scan_A1	medical-record	billing	$Step1(164.506(a): standard TPO use/disclosure (no authorization required), $Leaf(164.506(c)(3): payment activities of receiving entity))
other_university_hospital	other_university_hospital	research_subject	ct_scan_A2	medical-record	billing	$Leaf(164.506(c)(1): covered entity's own TPO)
other_university_hospital	other_university_hospital	research_subject	ct_scan_A2	medical-record	billing	$Leaf(164.506(c)(3): payment activities of receiving entity)
other_university_hospital	other_university_hospital	research_subject	ct_scan_A2	medical-record	billing	$Step1(164.506(a): standard TPO use/disclosure (no authorization required), $Leaf(164.506(c)(1): covered entity's own TPO))
other_university_hospital	other_university_hospital	research_subject	ct_scan_A2	medical-record	billing	$Step1(164.506(a): standard TPO use/disclosure (no authorization required), $Leaf(164.506(c)(3): payment activities of receiving entity))
other_university_hospital	other_university_hospital	research_subject	ct_scan_B1	medical-record	billing	$Leaf(164.506(c)(1): covered entity's own TPO)
other_university_hospital	other_university_hospital	research_subject	ct_scan_B1	medical-record	billing	$Leaf(164.506(c)(3): payment activities of receiving entity)
other_university_hospital	other_university_hospital	research_subject	ct_scan_B1	medical-record	billing	$Step1(164.506(a): standard TPO use/disclosure (no authorization required), $Leaf(164.506(c)(1): covered entity's own TPO))
other_university_hospital	other_university_hospital	research_subject	ct_scan_B1	medical-record	billing	$Step1(164.506(a): standard TPO use/disclosure (no authorization required), $Leaf(164.506(c)(3): payment activities of receiving entity))
other_university_hospital	other_university_hospital	research_subject	ct_scan_B2	medical-record	billing	$Leaf(164.506(c)(1): covered entity's own TPO)
other_university_hospital	other_university_hospital	research_subject	ct_scan_B2	medical-record	billing	$Leaf(164.506(c)(3): payment activities of receiving entity)
other_university_hospital	other_university_hospital	research_subject	ct_scan_B2	medical-record	billing	$Step1(164.506(a): standard TPO use/disclosure (no authorization required), $Leaf(164.506(c)(1): covered entity's own TPO))
other_university_hospital	other_university_hospital	research_subject	ct_scan_B2	medical-record	billing	$Step1(164.506(a): standard TPO use/disclosure (no authorization required), $Leaf(164.506(c)(3): payment activities of receiving entity))
other_university_hospital	other_university_hospital	research_subject	reidentified_face	medical-record	billing	$Leaf(164.506(c)(1): covered entity's own TPO)
other_university_hospital	other_university_hospital	research_subject	reidentified_face	medical-record	billing	$Leaf(164.506(c)(3): payment activities of receiving entity)
other_university_hospital	other_university_hospital	research_subject	reidentified_face	medical-record	billing	$Step1(164.506(a): standard TPO use/disclosure (no authorization required), $Leaf(164.506(c)(1): covered entity's own TPO))
other_university_hospital	other_university_hospital	research_subject	reidentified_face	medical-record	billing	$Step1(164.506(a): standard TPO use/disclosure (no authorization required), $Leaf(164.506(c)(3): payment activities of receiving entity))
research_hospital	research_hospital	research_subject	ct_scan_A1	medical-record	claims-processing	$Leaf(164.506(c)(1): covered entity's own TPO)
research_hospital	research_hospital	research_subject	ct_scan_A1	medical-record	claims-processing	$Leaf(164.506(c)(3): payment activities of receiving entity)
research_hospital	research_hospital	research_subject	ct_scan_A1	medical-record	claims-processing	$Step1(164.506(a): standard TPO use/disclosure (no authorization required), $Leaf(164.506(c)(1): covered entity's own TPO))
research_hospital	research_hospital	research_subject	ct_scan_A1	medical-record	claims-processing	$Step1(164.506(a): standard TPO use/disclosure (no authorization required), $Leaf(164.506(c)(3): payment activities of receiving entity))
research_hospital	research_hospital	research_subject	ct_scan_A2	medical-record	claims-processing	$Leaf(164.506(c)(1): covered entity's own TPO)
research_hospital	research_hospital	research_subject	ct_scan_A2	medical-record	claims-processing	$Leaf(164.506(c)(3): payment activities of receiving entity)
research_hospital	research_hospital	research_subject	ct_scan_A2	medical-record	claims-processing	$Step1(164.506(a): standard TPO use/disclosure (no authorization required), $Leaf(164.506(c)(1): covered entity's own TPO))
research_hospital	research_hospital	research_subject	ct_scan_A2	medical-record	claims-processing	$Step1(164.506(a): standard TPO use/disclosure (no authorization required), $Leaf(164.506(c)(3): payment activities of receiving entity))
research_hospital	research_hospital	research_subject	ct_scan_B1	medical-record	claims-processing	$Leaf(164.506(c)(1): covered entity's own TPO)
research_hospital	research_hospital	research_subject	ct_scan_B1	medical-record	claims-processing	$Leaf(164.506(c)(3): payment activities of receiving entity)
research_hospital	research_hospital	research_subject	ct_scan_B1	medical-record	claims-processing	$Step1(164.506(a): standard TPO use/disclosure (no authorization required), $Leaf(164.506(c)(1): covered entity's own TPO))
research_hospital	research_hospital	research_subject	ct_scan_B1	medical-record	claims-processing	$Step1(164.506(a): standard TPO use/disclosure (no authorization required), $Leaf(164.506(c)(3): payment activities of receiving entity))
research_hospital	research_hospital	research_subject	ct_scan_B2	medical-record	claims-processing	$Leaf(164.506(c)(1): covered entity's own TPO)
research_hospital	research_hospital	research_subject	ct_scan_B2	medical-record	claims-processing	$Leaf(164.506(c)(3): payment activities of receiving entity)
research_hospital	research_hospital	research_subject	ct_scan_B2	medical-record	claims-processing	$Step1(164.506(a): standard TPO use/disclosure (no authorization required), $Leaf(164.506(c)(1): covered entity's own TPO))
research_hospital	research_hospital	research_subject	ct_scan_B2	medical-record	claims-processing	$Step1(164.506(a): standard TPO use/disclosure (no authorization required), $Leaf(164.506(c)(3): payment activities of receiving entity))
research_hospital	research_hospital	research_subject	reidentified_face	medical-record	claims-processing	$Leaf(164.506(c)(1): covered entity's own TPO)
research_hospital	research_hospital	research_subject	reidentified_face	medical-record	claims-processing	$Leaf(164.506(c)(3): payment activities of receiving entity)
research_hospital	research_hospital	research_subject	reidentified_face	medical-record	claims-processing	$Step1(164.506(a): standard TPO use/disclosure (no authorization required), $Leaf(164.506(c)(1): covered entity's own TPO))
research_hospital	research_hospital	research_subject	reidentified_face	medical-record	claims-processing	$Step1(164.506(a): standard TPO use/disclosure (no authorization required), $Leaf(164.506(c)(3): payment activities of receiving entity))
research_hospital	lead_author	research_subject	ct_scan_A1	medical-record	claims-processing	$Leaf(164.506(c)(3): payment activities of receiving entity)
research_hospital	lead_author	research_subject	ct_scan_A1	medical-record	claims-processing	$Step1(164.506(a): standard TPO use/disclosure (no authorization required), $Leaf(164.506(c)(3): payment activities of receiving entity))
research_hospital	lead_author	research_subject	ct_scan_A2	medical-record	claims-processing	$Leaf(164.506(c)(3): payment activities of receiving entity)
research_hospital	lead_author	research_subject	ct_scan_A2	medical-record	claims-processing	$Step1(164.506(a): standard TPO use/disclosure (no authorization required), $Leaf(164.506(c)(3): payment activities of receiving entity))
research_hospital	lead_author	research_subject	ct_scan_B1	medical-record	claims-processing	$Leaf(164.506(c)(3): payment activities of receiving entity)
research_hospital	lead_author	research_subject	ct_scan_B1	medical-record	claims-processing	$Step1(164.506(a): standard TPO use/disclosure (no authorization required), $Leaf(164.506(c)(3): payment activities of receiving entity))
research_hospital	lead_author	research_subject	ct_scan_B2	medical-record	claims-processing	$Leaf(164.506(c)(3): payment activities of receiving entity)
research_hospital	lead_author	research_subject	ct_scan_B2	medical-record	claims-processing	$Step1(164.506(a): standard TPO use/disclosure (no authorization required), $Leaf(164.506(c)(3): payment activities of receiving entity))
research_hospital	lead_author	research_subject	reidentified_face	medical-record	claims-processing	$Leaf(164.506(c)(3): payment activities of receiving entity)
research_hospital	lead_author	research_subject	reidentified_face	medical-record	claims-processing	$Step1(164.506(a): standard TPO use/disclosure (no authorization required), $Leaf(164.506(c)(3): payment activities of receiving entity))
research_hospital	other_university_hospital	research_subject	ct_scan_A1	medical-record	claims-processing	$Leaf(164.506(c)(3): payment activities of receiving entity)
research_hospital	other_university_hospital	research_subject	ct_scan_A1	medical-record	claims-processing	$Step1(164.506(a): standard TPO use/disclosure (no authorization required), $Leaf(164.506(c)(3): payment activities of receiving entity))
research_hospital	other_university_hospital	research_subject	ct_scan_A2	medical-record	claims-processing	$Leaf(164.506(c)(3): payment activities of receiving entity)
research_hospital	other_university_hospital	research_subject	ct_scan_A2	medical-record	claims-processing	$Step1(164.506(a): standard TPO use/disclosure (no authorization required), $Leaf(164.506(c)(3): payment activities of receiving entity))
research_hospital	other_university_hospital	research_subject	ct_scan_B1	medical-record	claims-processing	$Leaf(164.506(c)(3): payment activities of receiving entity)
research_hospital	other_university_hospital	research_subject	ct_scan_B1	medical-record	claims-processing	$Step1(164.506(a): standard TPO use/disclosure (no authorization required), $Leaf(164.506(c)(3): payment activities of receiving entity))
research_hospital	other_university_hospital	research_subject	ct_scan_B2	medical-record	claims-processing	$Leaf(164.506(c)(3): payment activities of receiving entity)
research_hospital	other_university_hospital	research_subject	ct_scan_B2	medical-record	claims-processing	$Step1(164.506(a): standard TPO use/disclosure (no authorization required), $Leaf(164.506(c)(3): payment activities of receiving entity))
research_hospital	other_university_hospital	research_subject	reidentified_face	medical-record	claims-processing	$Leaf(164.506(c)(3): payment activities of receiving entity)
research_hospital	other_university_hospital	research_subject	reidentified_face	medical-record	claims-processing	$Step1(164.506(a): standard TPO use/disclosure (no authorization required), $Leaf(164.506(c)(3): payment activities of receiving entity))
lead_author	research_hospital	research_subject	ct_scan_A1	medical-record	claims-processing	$Leaf(164.506(c)(3): payment activities of receiving entity)
lead_author	research_hospital	research_subject	ct_scan_A1	medical-record	claims-processing	$Step1(164.506(a): standard TPO use/disclosure (no authorization required), $Leaf(164.506(c)(3): payment activities of receiving entity))
lead_author	research_hospital	research_subject	ct_scan_A2	medical-record	claims-processing	$Leaf(164.506(c)(3): payment activities of receiving entity)
lead_author	research_hospital	research_subject	ct_scan_A2	medical-record	claims-processing	$Step1(164.506(a): standard TPO use/disclosure (no authorization required), $Leaf(164.506(c)(3): payment activities of receiving entity))
lead_author	research_hospital	research_subject	ct_scan_B1	medical-record	claims-processing	$Leaf(164.506(c)(3): payment activities of receiving entity)
lead_author	research_hospital	research_subject	ct_scan_B1	medical-record	claims-processing	$Step1(164.506(a): standard TPO use/disclosure (no authorization required), $Leaf(164.506(c)(3): payment activities of receiving entity))
lead_author	research_hospital	research_subject	ct_scan_B2	medical-record	claims-processing	$Leaf(164.506(c)(3): payment activities of receiving entity)
lead_author	research_hospital	research_subject	ct_scan_B2	medical-record	claims-processing	$Step1(164.506(a): standard TPO use/disclosure (no authorization required), $Leaf(164.506(c)(3): payment activities of receiving entity))
lead_author	research_hospital	research_subject	reidentified_face	medical-record	claims-processing	$Leaf(164.506(c)(3): payment activities of receiving entity)
lead_author	research_hospital	research_subject	reidentified_face	medical-record	claims-processing	$Step1(164.506(a): standard TPO use/disclosure (no authorization required), $Leaf(164.506(c)(3): payment activities of receiving entity))
lead_author	lead_author	research_subject	ct_scan_A1	medical-record	claims-processing	$Leaf(164.506(c)(1): covered entity's own TPO)
lead_author	lead_author	research_subject	ct_scan_A1	medical-record	claims-processing	$Leaf(164.506(c)(3): payment activities of receiving entity)
lead_author	lead_author	research_subject	ct_scan_A1	medical-record	claims-processing	$Step1(164.506(a): standard TPO use/disclosure (no authorization required), $Leaf(164.506(c)(1): covered entity's own TPO))
lead_author	lead_author	research_subject	ct_scan_A1	medical-record	claims-processing	$Step1(164.506(a): standard TPO use/disclosure (no authorization required), $Leaf(164.506(c)(3): payment activities of receiving entity))
lead_author	lead_author	research_subject	ct_scan_A2	medical-record	claims-processing	$Leaf(164.506(c)(1): covered entity's own TPO)
lead_author	lead_author	research_subject	ct_scan_A2	medical-record	claims-processing	$Leaf(164.506(c)(3): payment activities of receiving entity)
lead_author	lead_author	research_subject	ct_scan_A2	medical-record	claims-processing	$Step1(164.506(a): standard TPO use/disclosure (no authorization required), $Leaf(164.506(c)(1): covered entity's own TPO))
lead_author	lead_author	research_subject	ct_scan_A2	medical-record	claims-processing	$Step1(164.506(a): standard TPO use/disclosure (no authorization required), $Leaf(164.506(c)(3): payment activities of receiving entity))
lead_author	lead_author	research_subject	ct_scan_B1	medical-record	claims-processing	$Leaf(164.506(c)(1): covered entity's own TPO)
lead_author	lead_author	research_subject	ct_scan_B1	medical-record	claims-processing	$Leaf(164.506(c)(3): payment activities of receiving entity)
lead_author	lead_author	research_subject	ct_scan_B1	medical-record	claims-processing	$Step1(164.506(a): standard TPO use/disclosure (no authorization required), $Leaf(164.506(c)(1): covered entity's own TPO))
lead_author	lead_author	research_subject	ct_scan_B1	medical-record	claims-processing	$Step1(164.506(a): standard TPO use/disclosure (no authorization required), $Leaf(164.506(c)(3): payment activities of receiving entity))
lead_author	lead_author	research_subject	ct_scan_B2	medical-record	claims-processing	$Leaf(164.506(c)(1): covered entity's own TPO)
lead_author	lead_author	research_subject	ct_scan_B2	medical-record	claims-processing	$Leaf(164.506(c)(3): payment activities of receiving entity)
lead_author	lead_author	research_subject	ct_scan_B2	medical-record	claims-processing	$Step1(164.506(a): standard TPO use/disclosure (no authorization required), $Leaf(164.506(c)(1): covered entity's own TPO))
lead_author	lead_author	research_subject	ct_scan_B2	medical-record	claims-processing	$Step1(164.506(a): standard TPO use/disclosure (no authorization required), $Leaf(164.506(c)(3): payment activities of receiving entity))
lead_author	lead_author	research_subject	reidentified_face	medical-record	claims-processing	$Leaf(164.506(c)(1): covered entity's own TPO)
lead_author	lead_author	research_subject	reidentified_face	medical-record	claims-processing	$Leaf(164.506(c)(3): payment activities of receiving entity)
lead_author	lead_author	research_subject	reidentified_face	medical-record	claims-processing	$Step1(164.506(a): standard TPO use/disclosure (no authorization required), $Leaf(164.506(c)(1): covered entity's own TPO))
lead_author	lead_author	research_subject	reidentified_face	medical-record	claims-processing	$Step1(164.506(a): standard TPO use/disclosure (no authorization required), $Leaf(164.506(c)(3): payment activities of receiving entity))
lead_author	other_university_hospital	research_subject	ct_scan_A1	medical-record	claims-processing	$Leaf(164.506(c)(3): payment activities of receiving entity)
lead_author	other_university_hospital	research_subject	ct_scan_A1	medical-record	claims-processing	$Step1(164.506(a): standard TPO use/disclosure (no authorization required), $Leaf(164.506(c)(3): payment activities of receiving entity))
lead_author	other_university_hospital	research_subject	ct_scan_A2	medical-record	claims-processing	$Leaf(164.506(c)(3): payment activities of receiving entity)
lead_author	other_university_hospital	research_subject	ct_scan_A2	medical-record	claims-processing	$Step1(164.506(a): standard TPO use/disclosure (no authorization required), $Leaf(164.506(c)(3): payment activities of receiving entity))
lead_author	other_university_hospital	research_subject	ct_scan_B1	medical-record	claims-processing	$Leaf(164.506(c)(3): payment activities of receiving entity)
lead_author	other_university_hospital	research_subject	ct_scan_B1	medical-record	claims-processing	$Step1(164.506(a): standard TPO use/disclosure (no authorization required), $Leaf(164.506(c)(3): payment activities of receiving entity))
lead_author	other_university_hospital	research_subject	ct_scan_B2	medical-record	claims-processing	$Leaf(164.506(c)(3): payment activities of receiving entity)
lead_author	other_university_hospital	research_subject	ct_scan_B2	medical-record	claims-processing	$Step1(164.506(a): standard TPO use/disclosure (no authorization required), $Leaf(164.506(c)(3): payment activities of receiving entity))
lead_author	other_university_hospital	research_subject	reidentified_face	medical-record	claims-processing	$Leaf(164.506(c)(3): payment activities of receiving entity)
lead_author	other_university_hospital	research_subject	reidentified_face	medical-record	claims-processing	$Step1(164.506(a): standard TPO use/disclosure (no authorization required), $Leaf(164.506(c)(3): payment activities of receiving entity))
other_university_hospital	research_hospital	research_subject	ct_scan_A1	medical-record	claims-processing	$Leaf(164.506(c)(3): payment activities of receiving entity)
other_university_hospital	research_hospital	research_subject	ct_scan_A1	medical-record	claims-processing	$Step1(164.506(a): standard TPO use/disclosure (no authorization required), $Leaf(164.506(c)(3): payment activities of receiving entity))
other_university_hospital	research_hospital	research_subject	ct_scan_A2	medical-record	claims-processing	$Leaf(164.506(c)(3): payment activities of receiving entity)
other_university_hospital	research_hospital	research_subject	ct_scan_A2	medical-record	claims-processing	$Step1(164.506(a): standard TPO use/disclosure (no authorization required), $Leaf(164.506(c)(3): payment activities of receiving entity))
other_university_hospital	research_hospital	research_subject	ct_scan_B1	medical-record	claims-processing	$Leaf(164.506(c)(3): payment activities of receiving entity)
other_university_hospital	research_hospital	research_subject	ct_scan_B1	medical-record	claims-processing	$Step1(164.506(a): standard TPO use/disclosure (no authorization required), $Leaf(164.506(c)(3): payment activities of receiving entity))
other_university_hospital	research_hospital	research_subject	ct_scan_B2	medical-record	claims-processing	$Leaf(164.506(c)(3): payment activities of receiving entity)
other_university_hospital	research_hospital	research_subject	ct_scan_B2	medical-record	claims-processing	$Step1(164.506(a): standard TPO use/disclosure (no authorization required), $Leaf(164.506(c)(3): payment activities of receiving entity))
other_university_hospital	research_hospital	research_subject	reidentified_face	medical-record	claims-processing	$Leaf(164.506(c)(3): payment activities of receiving entity)
other_university_hospital	research_hospital	research_subject	reidentified_face	medical-record	claims-processing	$Step1(164.506(a): standard TPO use/disclosure (no authorization required), $Leaf(164.506(c)(3): payment activities of receiving entity))
other_university_hospital	lead_author	research_subject	ct_scan_A1	medical-record	claims-processing	$Leaf(164.506(c)(3): payment activities of receiving entity)
other_university_hospital	lead_author	research_subject	ct_scan_A1	medical-record	claims-processing	$Step1(164.506(a): standard TPO use/disclosure (no authorization required), $Leaf(164.506(c)(3): payment activities of receiving entity))
other_university_hospital	lead_author	research_subject	ct_scan_A2	medical-record	claims-processing	$Leaf(164.506(c)(3): payment activities of receiving entity)
other_university_hospital	lead_author	research_subject	ct_scan_A2	medical-record	claims-processing	$Step1(164.506(a): standard TPO use/disclosure (no authorization required), $Leaf(164.506(c)(3): payment activities of receiving entity))
other_university_hospital	lead_author	research_subject	ct_scan_B1	medical-record	claims-processing	$Leaf(164.506(c)(3): payment activities of receiving entity)
other_university_hospital	lead_author	research_subject	ct_scan_B1	medical-record	claims-processing	$Step1(164.506(a): standard TPO use/disclosure (no authorization required), $Leaf(164.506(c)(3): payment activities of receiving entity))
other_university_hospital	lead_author	research_subject	ct_scan_B2	medical-record	claims-processing	$Leaf(164.506(c)(3): payment activities of receiving entity)
other_university_hospital	lead_author	research_subject	ct_scan_B2	medical-record	claims-processing	$Step1(164.506(a): standard TPO use/disclosure (no authorization required), $Leaf(164.506(c)(3): payment activities of receiving entity))
other_university_hospital	lead_author	research_subject	reidentified_face	medical-record	claims-processing	$Leaf(164.506(c)(3): payment activities of receiving entity)
other_university_hospital	lead_author	research_subject	reidentified_face	medical-record	claims-processing	$Step1(164.506(a): standard TPO use/disclosure (no authorization required), $Leaf(164.506(c)(3): payment activities of receiving entity))
other_university_hospital	other_university_hospital	research_subject	ct_scan_A1	medical-record	claims-processing	$Leaf(164.506(c)(1): covered entity's own TPO)
other_university_hospital	other_university_hospital	research_subject	ct_scan_A1	medical-record	claims-processing	$Leaf(164.506(c)(3): payment activities of receiving entity)
other_university_hospital	other_university_hospital	research_subject	ct_scan_A1	medical-record	claims-processing	$Step1(164.506(a): standard TPO use/disclosure (no authorization required), $Leaf(164.506(c)(1): covered entity's own TPO))
other_university_hospital	other_university_hospital	research_subject	ct_scan_A1	medical-record	claims-processing	$Step1(164.506(a): standard TPO use/disclosure (no authorization required), $Leaf(164.506(c)(3): payment activities of receiving entity))
other_university_hospital	other_university_hospital	research_subject	ct_scan_A2	medical-record	claims-processing	$Leaf(164.506(c)(1): covered entity's own TPO)
other_university_hospital	other_university_hospital	research_subject	ct_scan_A2	medical-record	claims-processing	$Leaf(164.506(c)(3): payment activities of receiving entity)
other_university_hospital	other_university_hospital	research_subject	ct_scan_A2	medical-record	claims-processing	$Step1(164.506(a): standard TPO use/disclosure (no authorization required), $Leaf(164.506(c)(1): covered entity's own TPO))
other_university_hospital	other_university_hospital	research_subject	ct_scan_A2	medical-record	claims-processing	$Step1(164.506(a): standard TPO use/disclosure (no authorization required), $Leaf(164.506(c)(3): payment activities of receiving entity))
other_university_hospital	other_university_hospital	research_subject	ct_scan_B1	medical-record	claims-processing	$Leaf(164.506(c)(1): covered entity's own TPO)
other_university_hospital	other_university_hospital	research_subject	ct_scan_B1	medical-record	claims-processing	$Leaf(164.506(c)(3): payment activities of receiving entity)
other_university_hospital	other_university_hospital	research_subject	ct_scan_B1	medical-record	claims-processing	$Step1(164.506(a): standard TPO use/disclosure (no authorization required), $Leaf(164.506(c)(1): covered entity's own TPO))
other_university_hospital	other_university_hospital	research_subject	ct_scan_B1	medical-record	claims-processing	$Step1(164.506(a): standard TPO use/disclosure (no authorization required), $Leaf(164.506(c)(3): payment activities of receiving entity))
other_university_hospital	other_university_hospital	research_subject	ct_scan_B2	medical-record	claims-processing	$Leaf(164.506(c)(1): covered entity's own TPO)
other_university_hospital	other_university_hospital	research_subject	ct_scan_B2	medical-record	claims-processing	$Leaf(164.506(c)(3): payment activities of receiving entity)
other_university_hospital	other_university_hospital	research_subject	ct_scan_B2	medical-record	claims-processing	$Step1(164.506(a): standard TPO use/disclosure (no authorization required), $Leaf(164.506(c)(1): covered entity's own TPO))
other_university_hospital	other_university_hospital	research_subject	ct_scan_B2	medical-record	claims-processing	$Step1(164.506(a): standard TPO use/disclosure (no authorization required), $Leaf(164.506(c)(3): payment activities of receiving entity))
other_university_hospital	other_university_hospital	research_subject	reidentified_face	medical-record	claims-processing	$Leaf(164.506(c)(1): covered entity's own TPO)
other_university_hospital	other_university_hospital	research_subject	reidentified_face	medical-record	claims-processing	$Leaf(164.506(c)(3): payment activities of receiving entity)
other_university_hospital	other_university_hospital	research_subject	reidentified_face	medical-record	claims-processing	$Step1(164.506(a): standard TPO use/disclosure (no authorization required), $Leaf(164.506(c)(1): covered entity's own TPO))
other_university_hospital	other_university_hospital	research_subject	reidentified_face	medical-record	claims-processing	$Step1(164.506(a): standard TPO use/disclosure (no authorization required), $Leaf(164.506(c)(3): payment activities of receiving entity))
research_hospital	research_hospital	research_subject	ct_scan_A1	medical-record	eligibility-determination	$Leaf(164.506(c)(1): covered entity's own TPO)
research_hospital	research_hospital	research_subject	ct_scan_A1	medical-record	eligibility-determination	$Leaf(164.506(c)(3): payment activities of receiving entity)
research_hospital	research_hospital	research_subject	ct_scan_A1	medical-record	eligibility-determination	$Step1(164.506(a): standard TPO use/disclosure (no authorization required), $Leaf(164.506(c)(1): covered entity's own TPO))
research_hospital	research_hospital	research_subject	ct_scan_A1	medical-record	eligibility-determination	$Step1(164.506(a): standard TPO use/disclosure (no authorization required), $Leaf(164.506(c)(3): payment activities of receiving entity))
research_hospital	research_hospital	research_subject	ct_scan_A2	medical-record	eligibility-determination	$Leaf(164.506(c)(1): covered entity's own TPO)
research_hospital	research_hospital	research_subject	ct_scan_A2	medical-record	eligibility-determination	$Leaf(164.506(c)(3): payment activities of receiving entity)
research_hospital	research_hospital	research_subject	ct_scan_A2	medical-record	eligibility-determination	$Step1(164.506(a): standard TPO use/disclosure (no authorization required), $Leaf(164.506(c)(1): covered entity's own TPO))
research_hospital	research_hospital	research_subject	ct_scan_A2	medical-record	eligibility-determination	$Step1(164.506(a): standard TPO use/disclosure (no authorization required), $Leaf(164.506(c)(3): payment activities of receiving entity))
research_hospital	research_hospital	research_subject	ct_scan_B1	medical-record	eligibility-determination	$Leaf(164.506(c)(1): covered entity's own TPO)
research_hospital	research_hospital	research_subject	ct_scan_B1	medical-record	eligibility-determination	$Leaf(164.506(c)(3): payment activities of receiving entity)
research_hospital	research_hospital	research_subject	ct_scan_B1	medical-record	eligibility-determination	$Step1(164.506(a): standard TPO use/disclosure (no authorization required), $Leaf(164.506(c)(1): covered entity's own TPO))
research_hospital	research_hospital	research_subject	ct_scan_B1	medical-record	eligibility-determination	$Step1(164.506(a): standard TPO use/disclosure (no authorization required), $Leaf(164.506(c)(3): payment activities of receiving entity))
research_hospital	research_hospital	research_subject	ct_scan_B2	medical-record	eligibility-determination	$Leaf(164.506(c)(1): covered entity's own TPO)
research_hospital	research_hospital	research_subject	ct_scan_B2	medical-record	eligibility-determination	$Leaf(164.506(c)(3): payment activities of receiving entity)
research_hospital	research_hospital	research_subject	ct_scan_B2	medical-record	eligibility-determination	$Step1(164.506(a): standard TPO use/disclosure (no authorization required), $Leaf(164.506(c)(1): covered entity's own TPO))
research_hospital	research_hospital	research_subject	ct_scan_B2	medical-record	eligibility-determination	$Step1(164.506(a): standard TPO use/disclosure (no authorization required), $Leaf(164.506(c)(3): payment activities of receiving entity))
research_hospital	research_hospital	research_subject	reidentified_face	medical-record	eligibility-determination	$Leaf(164.506(c)(1): covered entity's own TPO)
research_hospital	research_hospital	research_subject	reidentified_face	medical-record	eligibility-determination	$Leaf(164.506(c)(3): payment activities of receiving entity)
research_hospital	research_hospital	research_subject	reidentified_face	medical-record	eligibility-determination	$Step1(164.506(a): standard TPO use/disclosure (no authorization required), $Leaf(164.506(c)(1): covered entity's own TPO))
research_hospital	research_hospital	research_subject	reidentified_face	medical-record	eligibility-determination	$Step1(164.506(a): standard TPO use/disclosure (no authorization required), $Leaf(164.506(c)(3): payment activities of receiving entity))
research_hospital	lead_author	research_subject	ct_scan_A1	medical-record	eligibility-determination	$Leaf(164.506(c)(3): payment activities of receiving entity)
research_hospital	lead_author	research_subject	ct_scan_A1	medical-record	eligibility-determination	$Step1(164.506(a): standard TPO use/disclosure (no authorization required), $Leaf(164.506(c)(3): payment activities of receiving entity))
research_hospital	lead_author	research_subject	ct_scan_A2	medical-record	eligibility-determination	$Leaf(164.506(c)(3): payment activities of receiving entity)
research_hospital	lead_author	research_subject	ct_scan_A2	medical-record	eligibility-determination	$Step1(164.506(a): standard TPO use/disclosure (no authorization required), $Leaf(164.506(c)(3): payment activities of receiving entity))
research_hospital	lead_author	research_subject	ct_scan_B1	medical-record	eligibility-determination	$Leaf(164.506(c)(3): payment activities of receiving entity)
research_hospital	lead_author	research_subject	ct_scan_B1	medical-record	eligibility-determination	$Step1(164.506(a): standard TPO use/disclosure (no authorization required), $Leaf(164.506(c)(3): payment activities of receiving entity))
research_hospital	lead_author	research_subject	ct_scan_B2	medical-record	eligibility-determination	$Leaf(164.506(c)(3): payment activities of receiving entity)
research_hospital	lead_author	research_subject	ct_scan_B2	medical-record	eligibility-determination	$Step1(164.506(a): standard TPO use/disclosure (no authorization required), $Leaf(164.506(c)(3): payment activities of receiving entity))
research_hospital	lead_author	research_subject	reidentified_face	medical-record	eligibility-determination	$Leaf(164.506(c)(3): payment activities of receiving entity)
research_hospital	lead_author	research_subject	reidentified_face	medical-record	eligibility-determination	$Step1(164.506(a): standard TPO use/disclosure (no authorization required), $Leaf(164.506(c)(3): payment activities of receiving entity))
research_hospital	other_university_hospital	research_subject	ct_scan_A1	medical-record	eligibility-determination	$Leaf(164.506(c)(3): payment activities of receiving entity)
research_hospital	other_university_hospital	research_subject	ct_scan_A1	medical-record	eligibility-determination	$Step1(164.506(a): standard TPO use/disclosure (no authorization required), $Leaf(164.506(c)(3): payment activities of receiving entity))
research_hospital	other_university_hospital	research_subject	ct_scan_A2	medical-record	eligibility-determination	$Leaf(164.506(c)(3): payment activities of receiving entity)
research_hospital	other_university_hospital	research_subject	ct_scan_A2	medical-record	eligibility-determination	$Step1(164.506(a): standard TPO use/disclosure (no authorization required), $Leaf(164.506(c)(3): payment activities of receiving entity))
research_hospital	other_university_hospital	research_subject	ct_scan_B1	medical-record	eligibility-determination	$Leaf(164.506(c)(3): payment activities of receiving entity)
research_hospital	other_university_hospital	research_subject	ct_scan_B1	medical-record	eligibility-determination	$Step1(164.506(a): standard TPO use/disclosure (no authorization required), $Leaf(164.506(c)(3): payment activities of receiving entity))
research_hospital	other_university_hospital	research_subject	ct_scan_B2	medical-record	eligibility-determination	$Leaf(164.506(c)(3): payment activities of receiving entity)
research_hospital	other_university_hospital	research_subject	ct_scan_B2	medical-record	eligibility-determination	$Step1(164.506(a): standard TPO use/disclosure (no authorization required), $Leaf(164.506(c)(3): payment activities of receiving entity))
research_hospital	other_university_hospital	research_subject	reidentified_face	medical-record	eligibility-determination	$Leaf(164.506(c)(3): payment activities of receiving entity)
research_hospital	other_university_hospital	research_subject	reidentified_face	medical-record	eligibility-determination	$Step1(164.506(a): standard TPO use/disclosure (no authorization required), $Leaf(164.506(c)(3): payment activities of receiving entity))
lead_author	research_hospital	research_subject	ct_scan_A1	medical-record	eligibility-determination	$Leaf(164.506(c)(3): payment activities of receiving entity)
lead_author	research_hospital	research_subject	ct_scan_A1	medical-record	eligibility-determination	$Step1(164.506(a): standard TPO use/disclosure (no authorization required), $Leaf(164.506(c)(3): payment activities of receiving entity))
lead_author	research_hospital	research_subject	ct_scan_A2	medical-record	eligibility-determination	$Leaf(164.506(c)(3): payment activities of receiving entity)
lead_author	research_hospital	research_subject	ct_scan_A2	medical-record	eligibility-determination	$Step1(164.506(a): standard TPO use/disclosure (no authorization required), $Leaf(164.506(c)(3): payment activities of receiving entity))
lead_author	research_hospital	research_subject	ct_scan_B1	medical-record	eligibility-determination	$Leaf(164.506(c)(3): payment activities of receiving entity)
lead_author	research_hospital	research_subject	ct_scan_B1	medical-record	eligibility-determination	$Step1(164.506(a): standard TPO use/disclosure (no authorization required), $Leaf(164.506(c)(3): payment activities of receiving entity))
lead_author	research_hospital	research_subject	ct_scan_B2	medical-record	eligibility-determination	$Leaf(164.506(c)(3): payment activities of receiving entity)
lead_author	research_hospital	research_subject	ct_scan_B2	medical-record	eligibility-determination	$Step1(164.506(a): standard TPO use/disclosure (no authorization required), $Leaf(164.506(c)(3): payment activities of receiving entity))
lead_author	research_hospital	research_subject	reidentified_face	medical-record	eligibility-determination	$Leaf(164.506(c)(3): payment activities of receiving entity)
lead_author	research_hospital	research_subject	reidentified_face	medical-record	eligibility-determination	$Step1(164.506(a): standard TPO use/disclosure (no authorization required), $Leaf(164.506(c)(3): payment activities of receiving entity))
lead_author	lead_author	research_subject	ct_scan_A1	medical-record	eligibility-determination	$Leaf(164.506(c)(1): covered entity's own TPO)
lead_author	lead_author	research_subject	ct_scan_A1	medical-record	eligibility-determination	$Leaf(164.506(c)(3): payment activities of receiving entity)
lead_author	lead_author	research_subject	ct_scan_A1	medical-record	eligibility-determination	$Step1(164.506(a): standard TPO use/disclosure (no authorization required), $Leaf(164.506(c)(1): covered entity's own TPO))
lead_author	lead_author	research_subject	ct_scan_A1	medical-record	eligibility-determination	$Step1(164.506(a): standard TPO use/disclosure (no authorization required), $Leaf(164.506(c)(3): payment activities of receiving entity))
lead_author	lead_author	research_subject	ct_scan_A2	medical-record	eligibility-determination	$Leaf(164.506(c)(1): covered entity's own TPO)
lead_author	lead_author	research_subject	ct_scan_A2	medical-record	eligibility-determination	$Leaf(164.506(c)(3): payment activities of receiving entity)
lead_author	lead_author	research_subject	ct_scan_A2	medical-record	eligibility-determination	$Step1(164.506(a): standard TPO use/disclosure (no authorization required), $Leaf(164.506(c)(1): covered entity's own TPO))
lead_author	lead_author	research_subject	ct_scan_A2	medical-record	eligibility-determination	$Step1(164.506(a): standard TPO use/disclosure (no authorization required), $Leaf(164.506(c)(3): payment activities of receiving entity))
lead_author	lead_author	research_subject	ct_scan_B1	medical-record	eligibility-determination	$Leaf(164.506(c)(1): covered entity's own TPO)
lead_author	lead_author	research_subject	ct_scan_B1	medical-record	eligibility-determination	$Leaf(164.506(c)(3): payment activities of receiving entity)
lead_author	lead_author	research_subject	ct_scan_B1	medical-record	eligibility-determination	$Step1(164.506(a): standard TPO use/disclosure (no authorization required), $Leaf(164.506(c)(1): covered entity's own TPO))
lead_author	lead_author	research_subject	ct_scan_B1	medical-record	eligibility-determination	$Step1(164.506(a): standard TPO use/disclosure (no authorization required), $Leaf(164.506(c)(3): payment activities of receiving entity))
lead_author	lead_author	research_subject	ct_scan_B2	medical-record	eligibility-determination	$Leaf(164.506(c)(1): covered entity's own TPO)
lead_author	lead_author	research_subject	ct_scan_B2	medical-record	eligibility-determination	$Leaf(164.506(c)(3): payment activities of receiving entity)
lead_author	lead_author	research_subject	ct_scan_B2	medical-record	eligibility-determination	$Step1(164.506(a): standard TPO use/disclosure (no authorization required), $Leaf(164.506(c)(1): covered entity's own TPO))
lead_author	lead_author	research_subject	ct_scan_B2	medical-record	eligibility-determination	$Step1(164.506(a): standard TPO use/disclosure (no authorization required), $Leaf(164.506(c)(3): payment activities of receiving entity))
lead_author	lead_author	research_subject	reidentified_face	medical-record	eligibility-determination	$Leaf(164.506(c)(1): covered entity's own TPO)
lead_author	lead_author	research_subject	reidentified_face	medical-record	eligibility-determination	$Leaf(164.506(c)(3): payment activities of receiving entity)
lead_author	lead_author	research_subject	reidentified_face	medical-record	eligibility-determination	$Step1(164.506(a): standard TPO use/disclosure (no authorization required), $Leaf(164.506(c)(1): covered entity's own TPO))
lead_author	lead_author	research_subject	reidentified_face	medical-record	eligibility-determination	$Step1(164.506(a): standard TPO use/disclosure (no authorization required), $Leaf(164.506(c)(3): payment activities of receiving entity))
lead_author	other_university_hospital	research_subject	ct_scan_A1	medical-record	eligibility-determination	$Leaf(164.506(c)(3): payment activities of receiving entity)
lead_author	other_university_hospital	research_subject	ct_scan_A1	medical-record	eligibility-determination	$Step1(164.506(a): standard TPO use/disclosure (no authorization required), $Leaf(164.506(c)(3): payment activities of receiving entity))
lead_author	other_university_hospital	research_subject	ct_scan_A2	medical-record	eligibility-determination	$Leaf(164.506(c)(3): payment activities of receiving entity)
lead_author	other_university_hospital	research_subject	ct_scan_A2	medical-record	eligibility-determination	$Step1(164.506(a): standard TPO use/disclosure (no authorization required), $Leaf(164.506(c)(3): payment activities of receiving entity))
lead_author	other_university_hospital	research_subject	ct_scan_B1	medical-record	eligibility-determination	$Leaf(164.506(c)(3): payment activities of receiving entity)
lead_author	other_university_hospital	research_subject	ct_scan_B1	medical-record	eligibility-determination	$Step1(164.506(a): standard TPO use/disclosure (no authorization required), $Leaf(164.506(c)(3): payment activities of receiving entity))
lead_author	other_university_hospital	research_subject	ct_scan_B2	medical-record	eligibility-determination	$Leaf(164.506(c)(3): payment activities of receiving entity)
lead_author	other_university_hospital	research_subject	ct_scan_B2	medical-record	eligibility-determination	$Step1(164.506(a): standard TPO use/disclosure (no authorization required), $Leaf(164.506(c)(3): payment activities of receiving entity))
lead_author	other_university_hospital	research_subject	reidentified_face	medical-record	eligibility-determination	$Leaf(164.506(c)(3): payment activities of receiving entity)
lead_author	other_university_hospital	research_subject	reidentified_face	medical-record	eligibility-determination	$Step1(164.506(a): standard TPO use/disclosure (no authorization required), $Leaf(164.506(c)(3): payment activities of receiving entity))
other_university_hospital	research_hospital	research_subject	ct_scan_A1	medical-record	eligibility-determination	$Leaf(164.506(c)(3): payment activities of receiving entity)
other_university_hospital	research_hospital	research_subject	ct_scan_A1	medical-record	eligibility-determination	$Step1(164.506(a): standard TPO use/disclosure (no authorization required), $Leaf(164.506(c)(3): payment activities of receiving entity))
other_university_hospital	research_hospital	research_subject	ct_scan_A2	medical-record	eligibility-determination	$Leaf(164.506(c)(3): payment activities of receiving entity)
other_university_hospital	research_hospital	research_subject	ct_scan_A2	medical-record	eligibility-determination	$Step1(164.506(a): standard TPO use/disclosure (no authorization required), $Leaf(164.506(c)(3): payment activities of receiving entity))
other_university_hospital	research_hospital	research_subject	ct_scan_B1	medical-record	eligibility-determination	$Leaf(164.506(c)(3): payment activities of receiving entity)
other_university_hospital	research_hospital	research_subject	ct_scan_B1	medical-record	eligibility-determination	$Step1(164.506(a): standard TPO use/disclosure (no authorization required), $Leaf(164.506(c)(3): payment activities of receiving entity))
other_university_hospital	research_hospital	research_subject	ct_scan_B2	medical-record	eligibility-determination	$Leaf(164.506(c)(3): payment activities of receiving entity)
other_university_hospital	research_hospital	research_subject	ct_scan_B2	medical-record	eligibility-determination	$Step1(164.506(a): standard TPO use/disclosure (no authorization required), $Leaf(164.506(c)(3): payment activities of receiving entity))
other_university_hospital	research_hospital	research_subject	reidentified_face	medical-record	eligibility-determination	$Leaf(164.506(c)(3): payment activities of receiving entity)
other_university_hospital	research_hospital	research_subject	reidentified_face	medical-record	eligibility-determination	$Step1(164.506(a): standard TPO use/disclosure (no authorization required), $Leaf(164.506(c)(3): payment activities of receiving entity))
other_university_hospital	lead_author	research_subject	ct_scan_A1	medical-record	eligibility-determination	$Leaf(164.506(c)(3): payment activities of receiving entity)
other_university_hospital	lead_author	research_subject	ct_scan_A1	medical-record	eligibility-determination	$Step1(164.506(a): standard TPO use/disclosure (no authorization required), $Leaf(164.506(c)(3): payment activities of receiving entity))
other_university_hospital	lead_author	research_subject	ct_scan_A2	medical-record	eligibility-determination	$Leaf(164.506(c)(3): payment activities of receiving entity)
other_university_hospital	lead_author	research_subject	ct_scan_A2	medical-record	eligibility-determination	$Step1(164.506(a): standard TPO use/disclosure (no authorization required), $Leaf(164.506(c)(3): payment activities of receiving entity))
other_university_hospital	lead_author	research_subject	ct_scan_B1	medical-record	eligibility-determination	$Leaf(164.506(c)(3): payment activities of receiving entity)
other_university_hospital	lead_author	research_subject	ct_scan_B1	medical-record	eligibility-determination	$Step1(164.506(a): standard TPO use/disclosure (no authorization required), $Leaf(164.506(c)(3): payment activities of receiving entity))
other_university_hospital	lead_author	research_subject	ct_scan_B2	medical-record	eligibility-determination	$Leaf(164.506(c)(3): payment activities of receiving entity)
other_university_hospital	lead_author	research_subject	ct_scan_B2	medical-record	eligibility-determination	$Step1(164.506(a): standard TPO use/disclosure (no authorization required), $Leaf(164.506(c)(3): payment activities of receiving entity))
other_university_hospital	lead_author	research_subject	reidentified_face	medical-record	eligibility-determination	$Leaf(164.506(c)(3): payment activities of receiving entity)
other_university_hospital	lead_author	research_subject	reidentified_face	medical-record	eligibility-determination	$Step1(164.506(a): standard TPO use/disclosure (no authorization required), $Leaf(164.506(c)(3): payment activities of receiving entity))
other_university_hospital	other_university_hospital	research_subject	ct_scan_A1	medical-record	eligibility-determination	$Leaf(164.506(c)(1): covered entity's own TPO)
other_university_hospital	other_university_hospital	research_subject	ct_scan_A1	medical-record	eligibility-determination	$Leaf(164.506(c)(3): payment activities of receiving entity)
other_university_hospital	other_university_hospital	research_subject	ct_scan_A1	medical-record	eligibility-determination	$Step1(164.506(a): standard TPO use/disclosure (no authorization required), $Leaf(164.506(c)(1): covered entity's own TPO))
other_university_hospital	other_university_hospital	research_subject	ct_scan_A1	medical-record	eligibility-determination	$Step1(164.506(a): standard TPO use/disclosure (no authorization required), $Leaf(164.506(c)(3): payment activities of receiving entity))
other_university_hospital	other_university_hospital	research_subject	ct_scan_A2	medical-record	eligibility-determination	$Leaf(164.506(c)(1): covered entity's own TPO)
other_university_hospital	other_university_hospital	research_subject	ct_scan_A2	medical-record	eligibility-determination	$Leaf(164.506(c)(3): payment activities of receiving entity)
other_university_hospital	other_university_hospital	research_subject	ct_scan_A2	medical-record	eligibility-determination	$Step1(164.506(a): standard TPO use/disclosure (no authorization required), $Leaf(164.506(c)(1): covered entity's own TPO))
other_university_hospital	other_university_hospital	research_subject	ct_scan_A2	medical-record	eligibility-determination	$Step1(164.506(a): standard TPO use/disclosure (no authorization required), $Leaf(164.506(c)(3): payment activities of receiving entity))
other_university_hospital	other_university_hospital	research_subject	ct_scan_B1	medical-record	eligibility-determination	$Leaf(164.506(c)(1): covered entity's own TPO)
other_university_hospital	other_university_hospital	research_subject	ct_scan_B1	medical-record	eligibility-determination	$Leaf(164.506(c)(3): payment activities of receiving entity)
other_university_hospital	other_university_hospital	research_subject	ct_scan_B1	medical-record	eligibility-determination	$Step1(164.506(a): standard TPO use/disclosure (no authorization required), $Leaf(164.506(c)(1): covered entity's own TPO))
other_university_hospital	other_university_hospital	research_subject	ct_scan_B1	medical-record	eligibility-determination	$Step1(164.506(a): standard TPO use/disclosure (no authorization required), $Leaf(164.506(c)(3): payment activities of receiving entity))
other_university_hospital	other_university_hospital	research_subject	ct_scan_B2	medical-record	eligibility-determination	$Leaf(164.506(c)(1): covered entity's own TPO)
other_university_hospital	other_university_hospital	research_subject	ct_scan_B2	medical-record	eligibility-determination	$Leaf(164.506(c)(3): payment activities of receiving entity)
other_university_hospital	other_university_hospital	research_subject	ct_scan_B2	medical-record	eligibility-determination	$Step1(164.506(a): standard TPO use/disclosure (no authorization required), $Leaf(164.506(c)(1): covered entity's own TPO))
other_university_hospital	other_university_hospital	research_subject	ct_scan_B2	medical-record	eligibility-determination	$Step1(164.506(a): standard TPO use/disclosure (no authorization required), $Leaf(164.506(c)(3): payment activities of receiving entity))
other_university_hospital	other_university_hospital	research_subject	reidentified_face	medical-record	eligibility-determination	$Leaf(164.506(c)(1): covered entity's own TPO)
other_university_hospital	other_university_hospital	research_subject	reidentified_face	medical-record	eligibility-determination	$Leaf(164.506(c)(3): payment activities of receiving entity)
other_university_hospital	other_university_hospital	research_subject	reidentified_face	medical-record	eligibility-determination	$Step1(164.506(a): standard TPO use/disclosure (no authorization required), $Leaf(164.506(c)(1): covered entity's own TPO))
other_university_hospital	other_university_hospital	research_subject	reidentified_face	medical-record	eligibility-determination	$Step1(164.506(a): standard TPO use/disclosure (no authorization required), $Leaf(164.506(c)(3): payment activities of receiving entity))
research_hospital	research_hospital	research_subject	ct_scan_A1	medical-record	reimbursement	$Leaf(164.506(c)(1): covered entity's own TPO)
research_hospital	research_hospital	research_subject	ct_scan_A1	medical-record	reimbursement	$Leaf(164.506(c)(3): payment activities of receiving entity)
research_hospital	research_hospital	research_subject	ct_scan_A1	medical-record	reimbursement	$Step1(164.506(a): standard TPO use/disclosure (no authorization required), $Leaf(164.506(c)(1): covered entity's own TPO))
research_hospital	research_hospital	research_subject	ct_scan_A1	medical-record	reimbursement	$Step1(164.506(a): standard TPO use/disclosure (no authorization required), $Leaf(164.506(c)(3): payment activities of receiving entity))
research_hospital	research_hospital	research_subject	ct_scan_A2	medical-record	reimbursement	$Leaf(164.506(c)(1): covered entity's own TPO)
research_hospital	research_hospital	research_subject	ct_scan_A2	medical-record	reimbursement	$Leaf(164.506(c)(3): payment activities of receiving entity)
research_hospital	research_hospital	research_subject	ct_scan_A2	medical-record	reimbursement	$Step1(164.506(a): standard TPO use/disclosure (no authorization required), $Leaf(164.506(c)(1): covered entity's own TPO))
research_hospital	research_hospital	research_subject	ct_scan_A2	medical-record	reimbursement	$Step1(164.506(a): standard TPO use/disclosure (no authorization required), $Leaf(164.506(c)(3): payment activities of receiving entity))
research_hospital	research_hospital	research_subject	ct_scan_B1	medical-record	reimbursement	$Leaf(164.506(c)(1): covered entity's own TPO)
research_hospital	research_hospital	research_subject	ct_scan_B1	medical-record	reimbursement	$Leaf(164.506(c)(3): payment activities of receiving entity)
research_hospital	research_hospital	research_subject	ct_scan_B1	medical-record	reimbursement	$Step1(164.506(a): standard TPO use/disclosure (no authorization required), $Leaf(164.506(c)(1): covered entity's own TPO))
research_hospital	research_hospital	research_subject	ct_scan_B1	medical-record	reimbursement	$Step1(164.506(a): standard TPO use/disclosure (no authorization required), $Leaf(164.506(c)(3): payment activities of receiving entity))
research_hospital	research_hospital	research_subject	ct_scan_B2	medical-record	reimbursement	$Leaf(164.506(c)(1): covered entity's own TPO)
research_hospital	research_hospital	research_subject	ct_scan_B2	medical-record	reimbursement	$Leaf(164.506(c)(3): payment activities of receiving entity)
research_hospital	research_hospital	research_subject	ct_scan_B2	medical-record	reimbursement	$Step1(164.506(a): standard TPO use/disclosure (no authorization required), $Leaf(164.506(c)(1): covered entity's own TPO))
research_hospital	research_hospital	research_subject	ct_scan_B2	medical-record	reimbursement	$Step1(164.506(a): standard TPO use/disclosure (no authorization required), $Leaf(164.506(c)(3): payment activities of receiving entity))
research_hospital	research_hospital	research_subject	reidentified_face	medical-record	reimbursement	$Leaf(164.506(c)(1): covered entity's own TPO)
research_hospital	research_hospital	research_subject	reidentified_face	medical-record	reimbursement	$Leaf(164.506(c)(3): payment activities of receiving entity)
research_hospital	research_hospital	research_subject	reidentified_face	medical-record	reimbursement	$Step1(164.506(a): standard TPO use/disclosure (no authorization required), $Leaf(164.506(c)(1): covered entity's own TPO))
research_hospital	research_hospital	research_subject	reidentified_face	medical-record	reimbursement	$Step1(164.506(a): standard TPO use/disclosure (no authorization required), $Leaf(164.506(c)(3): payment activities of receiving entity))
research_hospital	lead_author	research_subject	ct_scan_A1	medical-record	reimbursement	$Leaf(164.506(c)(3): payment activities of receiving entity)
research_hospital	lead_author	research_subject	ct_scan_A1	medical-record	reimbursement	$Step1(164.506(a): standard TPO use/disclosure (no authorization required), $Leaf(164.506(c)(3): payment activities of receiving entity))
research_hospital	lead_author	research_subject	ct_scan_A2	medical-record	reimbursement	$Leaf(164.506(c)(3): payment activities of receiving entity)
research_hospital	lead_author	research_subject	ct_scan_A2	medical-record	reimbursement	$Step1(164.506(a): standard TPO use/disclosure (no authorization required), $Leaf(164.506(c)(3): payment activities of receiving entity))
research_hospital	lead_author	research_subject	ct_scan_B1	medical-record	reimbursement	$Leaf(164.506(c)(3): payment activities of receiving entity)
research_hospital	lead_author	research_subject	ct_scan_B1	medical-record	reimbursement	$Step1(164.506(a): standard TPO use/disclosure (no authorization required), $Leaf(164.506(c)(3): payment activities of receiving entity))
research_hospital	lead_author	research_subject	ct_scan_B2	medical-record	reimbursement	$Leaf(164.506(c)(3): payment activities of receiving entity)
research_hospital	lead_author	research_subject	ct_scan_B2	medical-record	reimbursement	$Step1(164.506(a): standard TPO use/disclosure (no authorization required), $Leaf(164.506(c)(3): payment activities of receiving entity))
research_hospital	lead_author	research_subject	reidentified_face	medical-record	reimbursement	$Leaf(164.506(c)(3): payment activities of receiving entity)
research_hospital	lead_author	research_subject	reidentified_face	medical-record	reimbursement	$Step1(164.506(a): standard TPO use/disclosure (no authorization required), $Leaf(164.506(c)(3): payment activities of receiving entity))
research_hospital	other_university_hospital	research_subject	ct_scan_A1	medical-record	reimbursement	$Leaf(164.506(c)(3): payment activities of receiving entity)
research_hospital	other_university_hospital	research_subject	ct_scan_A1	medical-record	reimbursement	$Step1(164.506(a): standard TPO use/disclosure (no authorization required), $Leaf(164.506(c)(3): payment activities of receiving entity))
research_hospital	other_university_hospital	research_subject	ct_scan_A2	medical-record	reimbursement	$Leaf(164.506(c)(3): payment activities of receiving entity)
research_hospital	other_university_hospital	research_subject	ct_scan_A2	medical-record	reimbursement	$Step1(164.506(a): standard TPO use/disclosure (no authorization required), $Leaf(164.506(c)(3): payment activities of receiving entity))
research_hospital	other_university_hospital	research_subject	ct_scan_B1	medical-record	reimbursement	$Leaf(164.506(c)(3): payment activities of receiving entity)
research_hospital	other_university_hospital	research_subject	ct_scan_B1	medical-record	reimbursement	$Step1(164.506(a): standard TPO use/disclosure (no authorization required), $Leaf(164.506(c)(3): payment activities of receiving entity))
research_hospital	other_university_hospital	research_subject	ct_scan_B2	medical-record	reimbursement	$Leaf(164.506(c)(3): payment activities of receiving entity)
research_hospital	other_university_hospital	research_subject	ct_scan_B2	medical-record	reimbursement	$Step1(164.506(a): standard TPO use/disclosure (no authorization required), $Leaf(164.506(c)(3): payment activities of receiving entity))
research_hospital	other_university_hospital	research_subject	reidentified_face	medical-record	reimbursement	$Leaf(164.506(c)(3): payment activities of receiving entity)
research_hospital	other_university_hospital	research_subject	reidentified_face	medical-record	reimbursement	$Step1(164.506(a): standard TPO use/disclosure (no authorization required), $Leaf(164.506(c)(3): payment activities of receiving entity))
lead_author	research_hospital	research_subject	ct_scan_A1	medical-record	reimbursement	$Leaf(164.506(c)(3): payment activities of receiving entity)
lead_author	research_hospital	research_subject	ct_scan_A1	medical-record	reimbursement	$Step1(164.506(a): standard TPO use/disclosure (no authorization required), $Leaf(164.506(c)(3): payment activities of receiving entity))
lead_author	research_hospital	research_subject	ct_scan_A2	medical-record	reimbursement	$Leaf(164.506(c)(3): payment activities of receiving entity)
lead_author	research_hospital	research_subject	ct_scan_A2	medical-record	reimbursement	$Step1(164.506(a): standard TPO use/disclosure (no authorization required), $Leaf(164.506(c)(3): payment activities of receiving entity))
lead_author	research_hospital	research_subject	ct_scan_B1	medical-record	reimbursement	$Leaf(164.506(c)(3): payment activities of receiving entity)
lead_author	research_hospital	research_subject	ct_scan_B1	medical-record	reimbursement	$Step1(164.506(a): standard TPO use/disclosure (no authorization required), $Leaf(164.506(c)(3): payment activities of receiving entity))
lead_author	research_hospital	research_subject	ct_scan_B2	medical-record	reimbursement	$Leaf(164.506(c)(3): payment activities of receiving entity)
lead_author	research_hospital	research_subject	ct_scan_B2	medical-record	reimbursement	$Step1(164.506(a): standard TPO use/disclosure (no authorization required), $Leaf(164.506(c)(3): payment activities of receiving entity))
lead_author	research_hospital	research_subject	reidentified_face	medical-record	reimbursement	$Leaf(164.506(c)(3): payment activities of receiving entity)
lead_author	research_hospital	research_subject	reidentified_face	medical-record	reimbursement	$Step1(164.506(a): standard TPO use/disclosure (no authorization required), $Leaf(164.506(c)(3): payment activities of receiving entity))
lead_author	lead_author	research_subject	ct_scan_A1	medical-record	reimbursement	$Leaf(164.506(c)(1): covered entity's own TPO)
lead_author	lead_author	research_subject	ct_scan_A1	medical-record	reimbursement	$Leaf(164.506(c)(3): payment activities of receiving entity)
lead_author	lead_author	research_subject	ct_scan_A1	medical-record	reimbursement	$Step1(164.506(a): standard TPO use/disclosure (no authorization required), $Leaf(164.506(c)(1): covered entity's own TPO))
lead_author	lead_author	research_subject	ct_scan_A1	medical-record	reimbursement	$Step1(164.506(a): standard TPO use/disclosure (no authorization required), $Leaf(164.506(c)(3): payment activities of receiving entity))
lead_author	lead_author	research_subject	ct_scan_A2	medical-record	reimbursement	$Leaf(164.506(c)(1): covered entity's own TPO)
lead_author	lead_author	research_subject	ct_scan_A2	medical-record	reimbursement	$Leaf(164.506(c)(3): payment activities of receiving entity)
lead_author	lead_author	research_subject	ct_scan_A2	medical-record	reimbursement	$Step1(164.506(a): standard TPO use/disclosure (no authorization required), $Leaf(164.506(c)(1): covered entity's own TPO))
lead_author	lead_author	research_subject	ct_scan_A2	medical-record	reimbursement	$Step1(164.506(a): standard TPO use/disclosure (no authorization required), $Leaf(164.506(c)(3): payment activities of receiving entity))
lead_author	lead_author	research_subject	ct_scan_B1	medical-record	reimbursement	$Leaf(164.506(c)(1): covered entity's own TPO)
lead_author	lead_author	research_subject	ct_scan_B1	medical-record	reimbursement	$Leaf(164.506(c)(3): payment activities of receiving entity)
lead_author	lead_author	research_subject	ct_scan_B1	medical-record	reimbursement	$Step1(164.506(a): standard TPO use/disclosure (no authorization required), $Leaf(164.506(c)(1): covered entity's own TPO))
lead_author	lead_author	research_subject	ct_scan_B1	medical-record	reimbursement	$Step1(164.506(a): standard TPO use/disclosure (no authorization required), $Leaf(164.506(c)(3): payment activities of receiving entity))
lead_author	lead_author	research_subject	ct_scan_B2	medical-record	reimbursement	$Leaf(164.506(c)(1): covered entity's own TPO)
lead_author	lead_author	research_subject	ct_scan_B2	medical-record	reimbursement	$Leaf(164.506(c)(3): payment activities of receiving entity)
lead_author	lead_author	research_subject	ct_scan_B2	medical-record	reimbursement	$Step1(164.506(a): standard TPO use/disclosure (no authorization required), $Leaf(164.506(c)(1): covered entity's own TPO))
lead_author	lead_author	research_subject	ct_scan_B2	medical-record	reimbursement	$Step1(164.506(a): standard TPO use/disclosure (no authorization required), $Leaf(164.506(c)(3): payment activities of receiving entity))
lead_author	lead_author	research_subject	reidentified_face	medical-record	reimbursement	$Leaf(164.506(c)(1): covered entity's own TPO)
lead_author	lead_author	research_subject	reidentified_face	medical-record	reimbursement	$Leaf(164.506(c)(3): payment activities of receiving entity)
lead_author	lead_author	research_subject	reidentified_face	medical-record	reimbursement	$Step1(164.506(a): standard TPO use/disclosure (no authorization required), $Leaf(164.506(c)(1): covered entity's own TPO))
lead_author	lead_author	research_subject	reidentified_face	medical-record	reimbursement	$Step1(164.506(a): standard TPO use/disclosure (no authorization required), $Leaf(164.506(c)(3): payment activities of receiving entity))
lead_author	other_university_hospital	research_subject	ct_scan_A1	medical-record	reimbursement	$Leaf(164.506(c)(3): payment activities of receiving entity)
lead_author	other_university_hospital	research_subject	ct_scan_A1	medical-record	reimbursement	$Step1(164.506(a): standard TPO use/disclosure (no authorization required), $Leaf(164.506(c)(3): payment activities of receiving entity))
lead_author	other_university_hospital	research_subject	ct_scan_A2	medical-record	reimbursement	$Leaf(164.506(c)(3): payment activities of receiving entity)
lead_author	other_university_hospital	research_subject	ct_scan_A2	medical-record	reimbursement	$Step1(164.506(a): standard TPO use/disclosure (no authorization required), $Leaf(164.506(c)(3): payment activities of receiving entity))
lead_author	other_university_hospital	research_subject	ct_scan_B1	medical-record	reimbursement	$Leaf(164.506(c)(3): payment activities of receiving entity)
lead_author	other_university_hospital	research_subject	ct_scan_B1	medical-record	reimbursement	$Step1(164.506(a): standard TPO use/disclosure (no authorization required), $Leaf(164.506(c)(3): payment activities of receiving entity))
lead_author	other_university_hospital	research_subject	ct_scan_B2	medical-record	reimbursement	$Leaf(164.506(c)(3): payment activities of receiving entity)
lead_author	other_university_hospital	research_subject	ct_scan_B2	medical-record	reimbursement	$Step1(164.506(a): standard TPO use/disclosure (no authorization required), $Leaf(164.506(c)(3): payment activities of receiving entity))
lead_author	other_university_hospital	research_subject	reidentified_face	medical-record	reimbursement	$Leaf(164.506(c)(3): payment activities of receiving entity)
lead_author	other_university_hospital	research_subject	reidentified_face	medical-record	reimbursement	$Step1(164.506(a): standard TPO use/disclosure (no authorization required), $Leaf(164.506(c)(3): payment activities of receiving entity))
other_university_hospital	research_hospital	research_subject	ct_scan_A1	medical-record	reimbursement	$Leaf(164.506(c)(3): payment activities of receiving entity)
other_university_hospital	research_hospital	research_subject	ct_scan_A1	medical-record	reimbursement	$Step1(164.506(a): standard TPO use/disclosure (no authorization required), $Leaf(164.506(c)(3): payment activities of receiving entity))
other_university_hospital	research_hospital	research_subject	ct_scan_A2	medical-record	reimbursement	$Leaf(164.506(c)(3): payment activities of receiving entity)
other_university_hospital	research_hospital	research_subject	ct_scan_A2	medical-record	reimbursement	$Step1(164.506(a): standard TPO use/disclosure (no authorization required), $Leaf(164.506(c)(3): payment activities of receiving entity))
other_university_hospital	research_hospital	research_subject	ct_scan_B1	medical-record	reimbursement	$Leaf(164.506(c)(3): payment activities of receiving entity)
other_university_hospital	research_hospital	research_subject	ct_scan_B1	medical-record	reimbursement	$Step1(164.506(a): standard TPO use/disclosure (no authorization required), $Leaf(164.506(c)(3): payment activities of receiving entity))
other_university_hospital	research_hospital	research_subject	ct_scan_B2	medical-record	reimbursement	$Leaf(164.506(c)(3): payment activities of receiving entity)
other_university_hospital	research_hospital	research_subject	ct_scan_B2	medical-record	reimbursement	$Step1(164.506(a): standard TPO use/disclosure (no authorization required), $Leaf(164.506(c)(3): payment activities of receiving entity))
other_university_hospital	research_hospital	research_subject	reidentified_face	medical-record	reimbursement	$Leaf(164.506(c)(3): payment activities of receiving entity)
other_university_hospital	research_hospital	research_subject	reidentified_face	medical-record	reimbursement	$Step1(164.506(a): standard TPO use/disclosure (no authorization required), $Leaf(164.506(c)(3): payment activities of receiving entity))
other_university_hospital	lead_author	research_subject	ct_scan_A1	medical-record	reimbursement	$Leaf(164.506(c)(3): payment activities of receiving entity)
other_university_hospital	lead_author	research_subject	ct_scan_A1	medical-record	reimbursement	$Step1(164.506(a): standard TPO use/disclosure (no authorization required), $Leaf(164.506(c)(3): payment activities of receiving entity))
other_university_hospital	lead_author	research_subject	ct_scan_A2	medical-record	reimbursement	$Leaf(164.506(c)(3): payment activities of receiving entity)
other_university_hospital	lead_author	research_subject	ct_scan_A2	medical-record	reimbursement	$Step1(164.506(a): standard TPO use/disclosure (no authorization required), $Leaf(164.506(c)(3): payment activities of receiving entity))
other_university_hospital	lead_author	research_subject	ct_scan_B1	medical-record	reimbursement	$Leaf(164.506(c)(3): payment activities of receiving entity)
other_university_hospital	lead_author	research_subject	ct_scan_B1	medical-record	reimbursement	$Step1(164.506(a): standard TPO use/disclosure (no authorization required), $Leaf(164.506(c)(3): payment activities of receiving entity))
other_university_hospital	lead_author	research_subject	ct_scan_B2	medical-record	reimbursement	$Leaf(164.506(c)(3): payment activities of receiving entity)
other_university_hospital	lead_author	research_subject	ct_scan_B2	medical-record	reimbursement	$Step1(164.506(a): standard TPO use/disclosure (no authorization required), $Leaf(164.506(c)(3): payment activities of receiving entity))
other_university_hospital	lead_author	research_subject	reidentified_face	medical-record	reimbursement	$Leaf(164.506(c)(3): payment activities of receiving entity)
other_university_hospital	lead_author	research_subject	reidentified_face	medical-record	reimbursement	$Step1(164.506(a): standard TPO use/disclosure (no authorization required), $Leaf(164.506(c)(3): payment activities of receiving entity))
other_university_hospital	other_university_hospital	research_subject	ct_scan_A1	medical-record	reimbursement	$Leaf(164.506(c)(1): covered entity's own TPO)
other_university_hospital	other_university_hospital	research_subject	ct_scan_A1	medical-record	reimbursement	$Leaf(164.506(c)(3): payment activities of receiving entity)
other_university_hospital	other_university_hospital	research_subject	ct_scan_A1	medical-record	reimbursement	$Step1(164.506(a): standard TPO use/disclosure (no authorization required), $Leaf(164.506(c)(1): covered entity's own TPO))
other_university_hospital	other_university_hospital	research_subject	ct_scan_A1	medical-record	reimbursement	$Step1(164.506(a): standard TPO use/disclosure (no authorization required), $Leaf(164.506(c)(3): payment activities of receiving entity))
other_university_hospital	other_university_hospital	research_subject	ct_scan_A2	medical-record	reimbursement	$Leaf(164.506(c)(1): covered entity's own TPO)
other_university_hospital	other_university_hospital	research_subject	ct_scan_A2	medical-record	reimbursement	$Leaf(164.506(c)(3): payment activities of receiving entity)
other_university_hospital	other_university_hospital	research_subject	ct_scan_A2	medical-record	reimbursement	$Step1(164.506(a): standard TPO use/disclosure (no authorization required), $Leaf(164.506(c)(1): covered entity's own TPO))
other_university_hospital	other_university_hospital	research_subject	ct_scan_A2	medical-record	reimbursement	$Step1(164.506(a): standard TPO use/disclosure (no authorization required), $Leaf(164.506(c)(3): payment activities of receiving entity))
other_university_hospital	other_university_hospital	research_subject	ct_scan_B1	medical-record	reimbursement	$Leaf(164.506(c)(1): covered entity's own TPO)
other_university_hospital	other_university_hospital	research_subject	ct_scan_B1	medical-record	reimbursement	$Leaf(164.506(c)(3): payment activities of receiving entity)
other_university_hospital	other_university_hospital	research_subject	ct_scan_B1	medical-record	reimbursement	$Step1(164.506(a): standard TPO use/disclosure (no authorization required), $Leaf(164.506(c)(1): covered entity's own TPO))
other_university_hospital	other_university_hospital	research_subject	ct_scan_B1	medical-record	reimbursement	$Step1(164.506(a): standard TPO use/disclosure (no authorization required), $Leaf(164.506(c)(3): payment activities of receiving entity))
other_university_hospital	other_university_hospital	research_subject	ct_scan_B2	medical-record	reimbursement	$Leaf(164.506(c)(1): covered entity's own TPO)
other_university_hospital	other_university_hospital	research_subject	ct_scan_B2	medical-record	reimbursement	$Leaf(164.506(c)(3): payment activities of receiving entity)
other_university_hospital	other_university_hospital	research_subject	ct_scan_B2	medical-record	reimbursement	$Step1(164.506(a): standard TPO use/disclosure (no authorization required), $Leaf(164.506(c)(1): covered entity's own TPO))
other_university_hospital	other_university_hospital	research_subject	ct_scan_B2	medical-record	reimbursement	$Step1(164.506(a): standard TPO use/disclosure (no authorization required), $Leaf(164.506(c)(3): payment activities of receiving entity))
other_university_hospital	other_university_hospital	research_subject	reidentified_face	medical-record	reimbursement	$Leaf(164.506(c)(1): covered entity's own TPO)
other_university_hospital	other_university_hospital	research_subject	reidentified_face	medical-record	reimbursement	$Leaf(164.506(c)(3): payment activities of receiving entity)
other_university_hospital	other_university_hospital	research_subject	reidentified_face	medical-record	reimbursement	$Step1(164.506(a): standard TPO use/disclosure (no authorization required), $Leaf(164.506(c)(1): covered entity's own TPO))
other_university_hospital	other_university_hospital	research_subject	reidentified_face	medical-record	reimbursement	$Step1(164.506(a): standard TPO use/disclosure (no authorization required), $Leaf(164.506(c)(3): payment activities of receiving entity))
research_hospital	research_hospital	research_subject	ct_scan_A1	medical-record	collections	$Leaf(164.506(c)(1): covered entity's own TPO)
research_hospital	research_hospital	research_subject	ct_scan_A1	medical-record	collections	$Leaf(164.506(c)(3): payment activities of receiving entity)
research_hospital	research_hospital	research_subject	ct_scan_A1	medical-record	collections	$Step1(164.506(a): standard TPO use/disclosure (no authorization required), $Leaf(164.506(c)(1): covered entity's own TPO))
research_hospital	research_hospital	research_subject	ct_scan_A1	medical-record	collections	$Step1(164.506(a): standard TPO use/disclosure (no authorization required), $Leaf(164.506(c)(3): payment activities of receiving entity))
research_hospital	research_hospital	research_subject	ct_scan_A2	medical-record	collections	$Leaf(164.506(c)(1): covered entity's own TPO)
research_hospital	research_hospital	research_subject	ct_scan_A2	medical-record	collections	$Leaf(164.506(c)(3): payment activities of receiving entity)
research_hospital	research_hospital	research_subject	ct_scan_A2	medical-record	collections	$Step1(164.506(a): standard TPO use/disclosure (no authorization required), $Leaf(164.506(c)(1): covered entity's own TPO))
research_hospital	research_hospital	research_subject	ct_scan_A2	medical-record	collections	$Step1(164.506(a): standard TPO use/disclosure (no authorization required), $Leaf(164.506(c)(3): payment activities of receiving entity))
research_hospital	research_hospital	research_subject	ct_scan_B1	medical-record	collections	$Leaf(164.506(c)(1): covered entity's own TPO)
research_hospital	research_hospital	research_subject	ct_scan_B1	medical-record	collections	$Leaf(164.506(c)(3): payment activities of receiving entity)
research_hospital	research_hospital	research_subject	ct_scan_B1	medical-record	collections	$Step1(164.506(a): standard TPO use/disclosure (no authorization required), $Leaf(164.506(c)(1): covered entity's own TPO))
research_hospital	research_hospital	research_subject	ct_scan_B1	medical-record	collections	$Step1(164.506(a): standard TPO use/disclosure (no authorization required), $Leaf(164.506(c)(3): payment activities of receiving entity))
research_hospital	research_hospital	research_subject	ct_scan_B2	medical-record	collections	$Leaf(164.506(c)(1): covered entity's own TPO)
research_hospital	research_hospital	research_subject	ct_scan_B2	medical-record	collections	$Leaf(164.506(c)(3): payment activities of receiving entity)
research_hospital	research_hospital	research_subject	ct_scan_B2	medical-record	collections	$Step1(164.506(a): standard TPO use/disclosure (no authorization required), $Leaf(164.506(c)(1): covered entity's own TPO))
research_hospital	research_hospital	research_subject	ct_scan_B2	medical-record	collections	$Step1(164.506(a): standard TPO use/disclosure (no authorization required), $Leaf(164.506(c)(3): payment activities of receiving entity))
research_hospital	research_hospital	research_subject	reidentified_face	medical-record	collections	$Leaf(164.506(c)(1): covered entity's own TPO)
research_hospital	research_hospital	research_subject	reidentified_face	medical-record	collections	$Leaf(164.506(c)(3): payment activities of receiving entity)
research_hospital	research_hospital	research_subject	reidentified_face	medical-record	collections	$Step1(164.506(a): standard TPO use/disclosure (no authorization required), $Leaf(164.506(c)(1): covered entity's own TPO))
research_hospital	research_hospital	research_subject	reidentified_face	medical-record	collections	$Step1(164.506(a): standard TPO use/disclosure (no authorization required), $Leaf(164.506(c)(3): payment activities of receiving entity))
research_hospital	lead_author	research_subject	ct_scan_A1	medical-record	collections	$Leaf(164.506(c)(3): payment activities of receiving entity)
research_hospital	lead_author	research_subject	ct_scan_A1	medical-record	collections	$Step1(164.506(a): standard TPO use/disclosure (no authorization required), $Leaf(164.506(c)(3): payment activities of receiving entity))
research_hospital	lead_author	research_subject	ct_scan_A2	medical-record	collections	$Leaf(164.506(c)(3): payment activities of receiving entity)
research_hospital	lead_author	research_subject	ct_scan_A2	medical-record	collections	$Step1(164.506(a): standard TPO use/disclosure (no authorization required), $Leaf(164.506(c)(3): payment activities of receiving entity))
research_hospital	lead_author	research_subject	ct_scan_B1	medical-record	collections	$Leaf(164.506(c)(3): payment activities of receiving entity)
research_hospital	lead_author	research_subject	ct_scan_B1	medical-record	collections	$Step1(164.506(a): standard TPO use/disclosure (no authorization required), $Leaf(164.506(c)(3): payment activities of receiving entity))
research_hospital	lead_author	research_subject	ct_scan_B2	medical-record	collections	$Leaf(164.506(c)(3): payment activities of receiving entity)
research_hospital	lead_author	research_subject	ct_scan_B2	medical-record	collections	$Step1(164.506(a): standard TPO use/disclosure (no authorization required), $Leaf(164.506(c)(3): payment activities of receiving entity))
research_hospital	lead_author	research_subject	reidentified_face	medical-record	collections	$Leaf(164.506(c)(3): payment activities of receiving entity)
research_hospital	lead_author	research_subject	reidentified_face	medical-record	collections	$Step1(164.506(a): standard TPO use/disclosure (no authorization required), $Leaf(164.506(c)(3): payment activities of receiving entity))
research_hospital	other_university_hospital	research_subject	ct_scan_A1	medical-record	collections	$Leaf(164.506(c)(3): payment activities of receiving entity)
research_hospital	other_university_hospital	research_subject	ct_scan_A1	medical-record	collections	$Step1(164.506(a): standard TPO use/disclosure (no authorization required), $Leaf(164.506(c)(3): payment activities of receiving entity))
research_hospital	other_university_hospital	research_subject	ct_scan_A2	medical-record	collections	$Leaf(164.506(c)(3): payment activities of receiving entity)
research_hospital	other_university_hospital	research_subject	ct_scan_A2	medical-record	collections	$Step1(164.506(a): standard TPO use/disclosure (no authorization required), $Leaf(164.506(c)(3): payment activities of receiving entity))
research_hospital	other_university_hospital	research_subject	ct_scan_B1	medical-record	collections	$Leaf(164.506(c)(3): payment activities of receiving entity)
research_hospital	other_university_hospital	research_subject	ct_scan_B1	medical-record	collections	$Step1(164.506(a): standard TPO use/disclosure (no authorization required), $Leaf(164.506(c)(3): payment activities of receiving entity))
research_hospital	other_university_hospital	research_subject	ct_scan_B2	medical-record	collections	$Leaf(164.506(c)(3): payment activities of receiving entity)
research_hospital	other_university_hospital	research_subject	ct_scan_B2	medical-record	collections	$Step1(164.506(a): standard TPO use/disclosure (no authorization required), $Leaf(164.506(c)(3): payment activities of receiving entity))
research_hospital	other_university_hospital	research_subject	reidentified_face	medical-record	collections	$Leaf(164.506(c)(3): payment activities of receiving entity)
research_hospital	other_university_hospital	research_subject	reidentified_face	medical-record	collections	$Step1(164.506(a): standard TPO use/disclosure (no authorization required), $Leaf(164.506(c)(3): payment activities of receiving entity))
lead_author	research_hospital	research_subject	ct_scan_A1	medical-record	collections	$Leaf(164.506(c)(3): payment activities of receiving entity)
lead_author	research_hospital	research_subject	ct_scan_A1	medical-record	collections	$Step1(164.506(a): standard TPO use/disclosure (no authorization required), $Leaf(164.506(c)(3): payment activities of receiving entity))
lead_author	research_hospital	research_subject	ct_scan_A2	medical-record	collections	$Leaf(164.506(c)(3): payment activities of receiving entity)
lead_author	research_hospital	research_subject	ct_scan_A2	medical-record	collections	$Step1(164.506(a): standard TPO use/disclosure (no authorization required), $Leaf(164.506(c)(3): payment activities of receiving entity))
lead_author	research_hospital	research_subject	ct_scan_B1	medical-record	collections	$Leaf(164.506(c)(3): payment activities of receiving entity)
lead_author	research_hospital	research_subject	ct_scan_B1	medical-record	collections	$Step1(164.506(a): standard TPO use/disclosure (no authorization required), $Leaf(164.506(c)(3): payment activities of receiving entity))
lead_author	research_hospital	research_subject	ct_scan_B2	medical-record	collections	$Leaf(164.506(c)(3): payment activities of receiving entity)
lead_author	research_hospital	research_subject	ct_scan_B2	medical-record	collections	$Step1(164.506(a): standard TPO use/disclosure (no authorization required), $Leaf(164.506(c)(3): payment activities of receiving entity))
lead_author	research_hospital	research_subject	reidentified_face	medical-record	collections	$Leaf(164.506(c)(3): payment activities of receiving entity)
lead_author	research_hospital	research_subject	reidentified_face	medical-record	collections	$Step1(164.506(a): standard TPO use/disclosure (no authorization required), $Leaf(164.506(c)(3): payment activities of receiving entity))
lead_author	lead_author	research_subject	ct_scan_A1	medical-record	collections	$Leaf(164.506(c)(1): covered entity's own TPO)
lead_author	lead_author	research_subject	ct_scan_A1	medical-record	collections	$Leaf(164.506(c)(3): payment activities of receiving entity)
lead_author	lead_author	research_subject	ct_scan_A1	medical-record	collections	$Step1(164.506(a): standard TPO use/disclosure (no authorization required), $Leaf(164.506(c)(1): covered entity's own TPO))
lead_author	lead_author	research_subject	ct_scan_A1	medical-record	collections	$Step1(164.506(a): standard TPO use/disclosure (no authorization required), $Leaf(164.506(c)(3): payment activities of receiving entity))
lead_author	lead_author	research_subject	ct_scan_A2	medical-record	collections	$Leaf(164.506(c)(1): covered entity's own TPO)
lead_author	lead_author	research_subject	ct_scan_A2	medical-record	collections	$Leaf(164.506(c)(3): payment activities of receiving entity)
lead_author	lead_author	research_subject	ct_scan_A2	medical-record	collections	$Step1(164.506(a): standard TPO use/disclosure (no authorization required), $Leaf(164.506(c)(1): covered entity's own TPO))
lead_author	lead_author	research_subject	ct_scan_A2	medical-record	collections	$Step1(164.506(a): standard TPO use/disclosure (no authorization required), $Leaf(164.506(c)(3): payment activities of receiving entity))
lead_author	lead_author	research_subject	ct_scan_B1	medical-record	collections	$Leaf(164.506(c)(1): covered entity's own TPO)
lead_author	lead_author	research_subject	ct_scan_B1	medical-record	collections	$Leaf(164.506(c)(3): payment activities of receiving entity)
lead_author	lead_author	research_subject	ct_scan_B1	medical-record	collections	$Step1(164.506(a): standard TPO use/disclosure (no authorization required), $Leaf(164.506(c)(1): covered entity's own TPO))
lead_author	lead_author	research_subject	ct_scan_B1	medical-record	collections	$Step1(164.506(a): standard TPO use/disclosure (no authorization required), $Leaf(164.506(c)(3): payment activities of receiving entity))
lead_author	lead_author	research_subject	ct_scan_B2	medical-record	collections	$Leaf(164.506(c)(1): covered entity's own TPO)
lead_author	lead_author	research_subject	ct_scan_B2	medical-record	collections	$Leaf(164.506(c)(3): payment activities of receiving entity)
lead_author	lead_author	research_subject	ct_scan_B2	medical-record	collections	$Step1(164.506(a): standard TPO use/disclosure (no authorization required), $Leaf(164.506(c)(1): covered entity's own TPO))
lead_author	lead_author	research_subject	ct_scan_B2	medical-record	collections	$Step1(164.506(a): standard TPO use/disclosure (no authorization required), $Leaf(164.506(c)(3): payment activities of receiving entity))
lead_author	lead_author	research_subject	reidentified_face	medical-record	collections	$Leaf(164.506(c)(1): covered entity's own TPO)
lead_author	lead_author	research_subject	reidentified_face	medical-record	collections	$Leaf(164.506(c)(3): payment activities of receiving entity)
lead_author	lead_author	research_subject	reidentified_face	medical-record	collections	$Step1(164.506(a): standard TPO use/disclosure (no authorization required), $Leaf(164.506(c)(1): covered entity's own TPO))
lead_author	lead_author	research_subject	reidentified_face	medical-record	collections	$Step1(164.506(a): standard TPO use/disclosure (no authorization required), $Leaf(164.506(c)(3): payment activities of receiving entity))
lead_author	other_university_hospital	research_subject	ct_scan_A1	medical-record	collections	$Leaf(164.506(c)(3): payment activities of receiving entity)
lead_author	other_university_hospital	research_subject	ct_scan_A1	medical-record	collections	$Step1(164.506(a): standard TPO use/disclosure (no authorization required), $Leaf(164.506(c)(3): payment activities of receiving entity))
lead_author	other_university_hospital	research_subject	ct_scan_A2	medical-record	collections	$Leaf(164.506(c)(3): payment activities of receiving entity)
lead_author	other_university_hospital	research_subject	ct_scan_A2	medical-record	collections	$Step1(164.506(a): standard TPO use/disclosure (no authorization required), $Leaf(164.506(c)(3): payment activities of receiving entity))
lead_author	other_university_hospital	research_subject	ct_scan_B1	medical-record	collections	$Leaf(164.506(c)(3): payment activities of receiving entity)
lead_author	other_university_hospital	research_subject	ct_scan_B1	medical-record	collections	$Step1(164.506(a): standard TPO use/disclosure (no authorization required), $Leaf(164.506(c)(3): payment activities of receiving entity))
lead_author	other_university_hospital	research_subject	ct_scan_B2	medical-record	collections	$Leaf(164.506(c)(3): payment activities of receiving entity)
lead_author	other_university_hospital	research_subject	ct_scan_B2	medical-record	collections	$Step1(164.506(a): standard TPO use/disclosure (no authorization required), $Leaf(164.506(c)(3): payment activities of receiving entity))
lead_author	other_university_hospital	research_subject	reidentified_face	medical-record	collections	$Leaf(164.506(c)(3): payment activities of receiving entity)
lead_author	other_university_hospital	research_subject	reidentified_face	medical-record	collections	$Step1(164.506(a): standard TPO use/disclosure (no authorization required), $Leaf(164.506(c)(3): payment activities of receiving entity))
other_university_hospital	research_hospital	research_subject	ct_scan_A1	medical-record	collections	$Leaf(164.506(c)(3): payment activities of receiving entity)
other_university_hospital	research_hospital	research_subject	ct_scan_A1	medical-record	collections	$Step1(164.506(a): standard TPO use/disclosure (no authorization required), $Leaf(164.506(c)(3): payment activities of receiving entity))
other_university_hospital	research_hospital	research_subject	ct_scan_A2	medical-record	collections	$Leaf(164.506(c)(3): payment activities of receiving entity)
other_university_hospital	research_hospital	research_subject	ct_scan_A2	medical-record	collections	$Step1(164.506(a): standard TPO use/disclosure (no authorization required), $Leaf(164.506(c)(3): payment activities of receiving entity))
other_university_hospital	research_hospital	research_subject	ct_scan_B1	medical-record	collections	$Leaf(164.506(c)(3): payment activities of receiving entity)
other_university_hospital	research_hospital	research_subject	ct_scan_B1	medical-record	collections	$Step1(164.506(a): standard TPO use/disclosure (no authorization required), $Leaf(164.506(c)(3): payment activities of receiving entity))
other_university_hospital	research_hospital	research_subject	ct_scan_B2	medical-record	collections	$Leaf(164.506(c)(3): payment activities of receiving entity)
other_university_hospital	research_hospital	research_subject	ct_scan_B2	medical-record	collections	$Step1(164.506(a): standard TPO use/disclosure (no authorization required), $Leaf(164.506(c)(3): payment activities of receiving entity))
other_university_hospital	research_hospital	research_subject	reidentified_face	medical-record	collections	$Leaf(164.506(c)(3): payment activities of receiving entity)
other_university_hospital	research_hospital	research_subject	reidentified_face	medical-record	collections	$Step1(164.506(a): standard TPO use/disclosure (no authorization required), $Leaf(164.506(c)(3): payment activities of receiving entity))
other_university_hospital	lead_author	research_subject	ct_scan_A1	medical-record	collections	$Leaf(164.506(c)(3): payment activities of receiving entity)
other_university_hospital	lead_author	research_subject	ct_scan_A1	medical-record	collections	$Step1(164.506(a): standard TPO use/disclosure (no authorization required), $Leaf(164.506(c)(3): payment activities of receiving entity))
other_university_hospital	lead_author	research_subject	ct_scan_A2	medical-record	collections	$Leaf(164.506(c)(3): payment activities of receiving entity)
other_university_hospital	lead_author	research_subject	ct_scan_A2	medical-record	collections	$Step1(164.506(a): standard TPO use/disclosure (no authorization required), $Leaf(164.506(c)(3): payment activities of receiving entity))
other_university_hospital	lead_author	research_subject	ct_scan_B1	medical-record	collections	$Leaf(164.506(c)(3): payment activities of receiving entity)
other_university_hospital	lead_author	research_subject	ct_scan_B1	medical-record	collections	$Step1(164.506(a): standard TPO use/disclosure (no authorization required), $Leaf(164.506(c)(3): payment activities of receiving entity))
other_university_hospital	lead_author	research_subject	ct_scan_B2	medical-record	collections	$Leaf(164.506(c)(3): payment activities of receiving entity)
other_university_hospital	lead_author	research_subject	ct_scan_B2	medical-record	collections	$Step1(164.506(a): standard TPO use/disclosure (no authorization required), $Leaf(164.506(c)(3): payment activities of receiving entity))
other_university_hospital	lead_author	research_subject	reidentified_face	medical-record	collections	$Leaf(164.506(c)(3): payment activities of receiving entity)
other_university_hospital	lead_author	research_subject	reidentified_face	medical-record	collections	$Step1(164.506(a): standard TPO use/disclosure (no authorization required), $Leaf(164.506(c)(3): payment activities of receiving entity))
other_university_hospital	other_university_hospital	research_subject	ct_scan_A1	medical-record	collections	$Leaf(164.506(c)(1): covered entity's own TPO)
other_university_hospital	other_university_hospital	research_subject	ct_scan_A1	medical-record	collections	$Leaf(164.506(c)(3): payment activities of receiving entity)
other_university_hospital	other_university_hospital	research_subject	ct_scan_A1	medical-record	collections	$Step1(164.506(a): standard TPO use/disclosure (no authorization required), $Leaf(164.506(c)(1): covered entity's own TPO))
other_university_hospital	other_university_hospital	research_subject	ct_scan_A1	medical-record	collections	$Step1(164.506(a): standard TPO use/disclosure (no authorization required), $Leaf(164.506(c)(3): payment activities of receiving entity))
other_university_hospital	other_university_hospital	research_subject	ct_scan_A2	medical-record	collections	$Leaf(164.506(c)(1): covered entity's own TPO)
other_university_hospital	other_university_hospital	research_subject	ct_scan_A2	medical-record	collections	$Leaf(164.506(c)(3): payment activities of receiving entity)
other_university_hospital	other_university_hospital	research_subject	ct_scan_A2	medical-record	collections	$Step1(164.506(a): standard TPO use/disclosure (no authorization required), $Leaf(164.506(c)(1): covered entity's own TPO))
other_university_hospital	other_university_hospital	research_subject	ct_scan_A2	medical-record	collections	$Step1(164.506(a): standard TPO use/disclosure (no authorization required), $Leaf(164.506(c)(3): payment activities of receiving entity))
other_university_hospital	other_university_hospital	research_subject	ct_scan_B1	medical-record	collections	$Leaf(164.506(c)(1): covered entity's own TPO)
other_university_hospital	other_university_hospital	research_subject	ct_scan_B1	medical-record	collections	$Leaf(164.506(c)(3): payment activities of receiving entity)
other_university_hospital	other_university_hospital	research_subject	ct_scan_B1	medical-record	collections	$Step1(164.506(a): standard TPO use/disclosure (no authorization required), $Leaf(164.506(c)(1): covered entity's own TPO))
other_university_hospital	other_university_hospital	research_subject	ct_scan_B1	medical-record	collections	$Step1(164.506(a): standard TPO use/disclosure (no authorization required), $Leaf(164.506(c)(3): payment activities of receiving entity))
other_university_hospital	other_university_hospital	research_subject	ct_scan_B2	medical-record	collections	$Leaf(164.506(c)(1): covered entity's own TPO)
other_university_hospital	other_university_hospital	research_subject	ct_scan_B2	medical-record	collections	$Leaf(164.506(c)(3): payment activities of receiving entity)
other_university_hospital	other_university_hospital	research_subject	ct_scan_B2	medical-record	collections	$Step1(164.506(a): standard TPO use/disclosure (no authorization required), $Leaf(164.506(c)(1): covered entity's own TPO))
other_university_hospital	other_university_hospital	research_subject	ct_scan_B2	medical-record	collections	$Step1(164.506(a): standard TPO use/disclosure (no authorization required), $Leaf(164.506(c)(3): payment activities of receiving entity))
other_university_hospital	other_university_hospital	research_subject	reidentified_face	medical-record	collections	$Leaf(164.506(c)(1): covered entity's own TPO)
other_university_hospital	other_university_hospital	research_subject	reidentified_face	medical-record	collections	$Leaf(164.506(c)(3): payment activities of receiving entity)
other_university_hospital	other_university_hospital	research_subject	reidentified_face	medical-record	collections	$Step1(164.506(a): standard TPO use/disclosure (no authorization required), $Leaf(164.506(c)(1): covered entity's own TPO))
other_university_hospital	other_university_hospital	research_subject	reidentified_face	medical-record	collections	$Step1(164.506(a): standard TPO use/disclosure (no authorization required), $Leaf(164.506(c)(3): payment activities of receiving entity))
research_hospital	research_hospital	research_subject	ct_scan_A1	medical-record	quality-assessment	$Leaf(164.506(c)(1): covered entity's own TPO)
research_hospital	research_hospital	research_subject	ct_scan_A1	medical-record	quality-assessment	$Step1(164.506(a): standard TPO use/disclosure (no authorization required), $Leaf(164.506(c)(1): covered entity's own TPO))
research_hospital	research_hospital	research_subject	ct_scan_A2	medical-record	quality-assessment	$Leaf(164.506(c)(1): covered entity's own TPO)
research_hospital	research_hospital	research_subject	ct_scan_A2	medical-record	quality-assessment	$Step1(164.506(a): standard TPO use/disclosure (no authorization required), $Leaf(164.506(c)(1): covered entity's own TPO))
research_hospital	research_hospital	research_subject	ct_scan_B1	medical-record	quality-assessment	$Leaf(164.506(c)(1): covered entity's own TPO)
research_hospital	research_hospital	research_subject	ct_scan_B1	medical-record	quality-assessment	$Step1(164.506(a): standard TPO use/disclosure (no authorization required), $Leaf(164.506(c)(1): covered entity's own TPO))
research_hospital	research_hospital	research_subject	ct_scan_B2	medical-record	quality-assessment	$Leaf(164.506(c)(1): covered entity's own TPO)
research_hospital	research_hospital	research_subject	ct_scan_B2	medical-record	quality-assessment	$Step1(164.506(a): standard TPO use/disclosure (no authorization required), $Leaf(164.506(c)(1): covered entity's own TPO))
research_hospital	research_hospital	research_subject	reidentified_face	medical-record	quality-assessment	$Leaf(164.506(c)(1): covered entity's own TPO)
research_hospital	research_hospital	research_subject	reidentified_face	medical-record	quality-assessment	$Step1(164.506(a): standard TPO use/disclosure (no authorization required), $Leaf(164.506(c)(1): covered entity's own TPO))
lead_author	lead_author	research_subject	ct_scan_A1	medical-record	quality-assessment	$Leaf(164.506(c)(1): covered entity's own TPO)
lead_author	lead_author	research_subject	ct_scan_A1	medical-record	quality-assessment	$Step1(164.506(a): standard TPO use/disclosure (no authorization required), $Leaf(164.506(c)(1): covered entity's own TPO))
lead_author	lead_author	research_subject	ct_scan_A2	medical-record	quality-assessment	$Leaf(164.506(c)(1): covered entity's own TPO)
lead_author	lead_author	research_subject	ct_scan_A2	medical-record	quality-assessment	$Step1(164.506(a): standard TPO use/disclosure (no authorization required), $Leaf(164.506(c)(1): covered entity's own TPO))
lead_author	lead_author	research_subject	ct_scan_B1	medical-record	quality-assessment	$Leaf(164.506(c)(1): covered entity's own TPO)
lead_author	lead_author	research_subject	ct_scan_B1	medical-record	quality-assessment	$Step1(164.506(a): standard TPO use/disclosure (no authorization required), $Leaf(164.506(c)(1): covered entity's own TPO))
lead_author	lead_author	research_subject	ct_scan_B2	medical-record	quality-assessment	$Leaf(164.506(c)(1): covered entity's own TPO)
lead_author	lead_author	research_subject	ct_scan_B2	medical-record	quality-assessment	$Step1(164.506(a): standard TPO use/disclosure (no authorization required), $Leaf(164.506(c)(1): covered entity's own TPO))
lead_author	lead_author	research_subject	reidentified_face	medical-record	quality-assessment	$Leaf(164.506(c)(1): covered entity's own TPO)
lead_author	lead_author	research_subject	reidentified_face	medical-record	quality-assessment	$Step1(164.506(a): standard TPO use/disclosure (no authorization required), $Leaf(164.506(c)(1): covered entity's own TPO))
other_university_hospital	other_university_hospital	research_subject	ct_scan_A1	medical-record	quality-assessment	$Leaf(164.506(c)(1): covered entity's own TPO)
other_university_hospital	other_university_hospital	research_subject	ct_scan_A1	medical-record	quality-assessment	$Step1(164.506(a): standard TPO use/disclosure (no authorization required), $Leaf(164.506(c)(1): covered entity's own TPO))
other_university_hospital	other_university_hospital	research_subject	ct_scan_A2	medical-record	quality-assessment	$Leaf(164.506(c)(1): covered entity's own TPO)
other_university_hospital	other_university_hospital	research_subject	ct_scan_A2	medical-record	quality-assessment	$Step1(164.506(a): standard TPO use/disclosure (no authorization required), $Leaf(164.506(c)(1): covered entity's own TPO))
other_university_hospital	other_university_hospital	research_subject	ct_scan_B1	medical-record	quality-assessment	$Leaf(164.506(c)(1): covered entity's own TPO)
other_university_hospital	other_university_hospital	research_subject	ct_scan_B1	medical-record	quality-assessment	$Step1(164.506(a): standard TPO use/disclosure (no authorization required), $Leaf(164.506(c)(1): covered entity's own TPO))
other_university_hospital	other_university_hospital	research_subject	ct_scan_B2	medical-record	quality-assessment	$Leaf(164.506(c)(1): covered entity's own TPO)
other_university_hospital	other_university_hospital	research_subject	ct_scan_B2	medical-record	quality-assessment	$Step1(164.506(a): standard TPO use/disclosure (no authorization required), $Leaf(164.506(c)(1): covered entity's own TPO))
other_university_hospital	other_university_hospital	research_subject	reidentified_face	medical-record	quality-assessment	$Leaf(164.506(c)(1): covered entity's own TPO)
other_university_hospital	other_university_hospital	research_subject	reidentified_face	medical-record	quality-assessment	$Step1(164.506(a): standard TPO use/disclosure (no authorization required), $Leaf(164.506(c)(1): covered entity's own TPO))
research_hospital	research_hospital	research_subject	ct_scan_A1	medical-record	quality-improvement	$Leaf(164.506(c)(1): covered entity's own TPO)
research_hospital	research_hospital	research_subject	ct_scan_A1	medical-record	quality-improvement	$Step1(164.506(a): standard TPO use/disclosure (no authorization required), $Leaf(164.506(c)(1): covered entity's own TPO))
research_hospital	research_hospital	research_subject	ct_scan_A2	medical-record	quality-improvement	$Leaf(164.506(c)(1): covered entity's own TPO)
research_hospital	research_hospital	research_subject	ct_scan_A2	medical-record	quality-improvement	$Step1(164.506(a): standard TPO use/disclosure (no authorization required), $Leaf(164.506(c)(1): covered entity's own TPO))
research_hospital	research_hospital	research_subject	ct_scan_B1	medical-record	quality-improvement	$Leaf(164.506(c)(1): covered entity's own TPO)
research_hospital	research_hospital	research_subject	ct_scan_B1	medical-record	quality-improvement	$Step1(164.506(a): standard TPO use/disclosure (no authorization required), $Leaf(164.506(c)(1): covered entity's own TPO))
research_hospital	research_hospital	research_subject	ct_scan_B2	medical-record	quality-improvement	$Leaf(164.506(c)(1): covered entity's own TPO)
research_hospital	research_hospital	research_subject	ct_scan_B2	medical-record	quality-improvement	$Step1(164.506(a): standard TPO use/disclosure (no authorization required), $Leaf(164.506(c)(1): covered entity's own TPO))
research_hospital	research_hospital	research_subject	reidentified_face	medical-record	quality-improvement	$Leaf(164.506(c)(1): covered entity's own TPO)
research_hospital	research_hospital	research_subject	reidentified_face	medical-record	quality-improvement	$Step1(164.506(a): standard TPO use/disclosure (no authorization required), $Leaf(164.506(c)(1): covered entity's own TPO))
lead_author	lead_author	research_subject	ct_scan_A1	medical-record	quality-improvement	$Leaf(164.506(c)(1): covered entity's own TPO)
lead_author	lead_author	research_subject	ct_scan_A1	medical-record	quality-improvement	$Step1(164.506(a): standard TPO use/disclosure (no authorization required), $Leaf(164.506(c)(1): covered entity's own TPO))
lead_author	lead_author	research_subject	ct_scan_A2	medical-record	quality-improvement	$Leaf(164.506(c)(1): covered entity's own TPO)
lead_author	lead_author	research_subject	ct_scan_A2	medical-record	quality-improvement	$Step1(164.506(a): standard TPO use/disclosure (no authorization required), $Leaf(164.506(c)(1): covered entity's own TPO))
lead_author	lead_author	research_subject	ct_scan_B1	medical-record	quality-improvement	$Leaf(164.506(c)(1): covered entity's own TPO)
lead_author	lead_author	research_subject	ct_scan_B1	medical-record	quality-improvement	$Step1(164.506(a): standard TPO use/disclosure (no authorization required), $Leaf(164.506(c)(1): covered entity's own TPO))
lead_author	lead_author	research_subject	ct_scan_B2	medical-record	quality-improvement	$Leaf(164.506(c)(1): covered entity's own TPO)
lead_author	lead_author	research_subject	ct_scan_B2	medical-record	quality-improvement	$Step1(164.506(a): standard TPO use/disclosure (no authorization required), $Leaf(164.506(c)(1): covered entity's own TPO))
lead_author	lead_author	research_subject	reidentified_face	medical-record	quality-improvement	$Leaf(164.506(c)(1): covered entity's own TPO)
lead_author	lead_author	research_subject	reidentified_face	medical-record	quality-improvement	$Step1(164.506(a): standard TPO use/disclosure (no authorization required), $Leaf(164.506(c)(1): covered entity's own TPO))
other_university_hospital	other_university_hospital	research_subject	ct_scan_A1	medical-record	quality-improvement	$Leaf(164.506(c)(1): covered entity's own TPO)
other_university_hospital	other_university_hospital	research_subject	ct_scan_A1	medical-record	quality-improvement	$Step1(164.506(a): standard TPO use/disclosure (no authorization required), $Leaf(164.506(c)(1): covered entity's own TPO))
other_university_hospital	other_university_hospital	research_subject	ct_scan_A2	medical-record	quality-improvement	$Leaf(164.506(c)(1): covered entity's own TPO)
other_university_hospital	other_university_hospital	research_subject	ct_scan_A2	medical-record	quality-improvement	$Step1(164.506(a): standard TPO use/disclosure (no authorization required), $Leaf(164.506(c)(1): covered entity's own TPO))
other_university_hospital	other_university_hospital	research_subject	ct_scan_B1	medical-record	quality-improvement	$Leaf(164.506(c)(1): covered entity's own TPO)
other_university_hospital	other_university_hospital	research_subject	ct_scan_B1	medical-record	quality-improvement	$Step1(164.506(a): standard TPO use/disclosure (no authorization required), $Leaf(164.506(c)(1): covered entity's own TPO))
other_university_hospital	other_university_hospital	research_subject	ct_scan_B2	medical-record	quality-improvement	$Leaf(164.506(c)(1): covered entity's own TPO)
other_university_hospital	other_university_hospital	research_subject	ct_scan_B2	medical-record	quality-improvement	$Step1(164.506(a): standard TPO use/disclosure (no authorization required), $Leaf(164.506(c)(1): covered entity's own TPO))
other_university_hospital	other_university_hospital	research_subject	reidentified_face	medical-record	quality-improvement	$Leaf(164.506(c)(1): covered entity's own TPO)
other_university_hospital	other_university_hospital	research_subject	reidentified_face	medical-record	quality-improvement	$Step1(164.506(a): standard TPO use/disclosure (no authorization required), $Leaf(164.506(c)(1): covered entity's own TPO))
research_hospital	research_hospital	research_subject	ct_scan_A1	medical-record	case-management	$Leaf(164.506(c)(1): covered entity's own TPO)
research_hospital	research_hospital	research_subject	ct_scan_A1	medical-record	case-management	$Step1(164.506(a): standard TPO use/disclosure (no authorization required), $Leaf(164.506(c)(1): covered entity's own TPO))
research_hospital	research_hospital	research_subject	ct_scan_A2	medical-record	case-management	$Leaf(164.506(c)(1): covered entity's own TPO)
research_hospital	research_hospital	research_subject	ct_scan_A2	medical-record	case-management	$Step1(164.506(a): standard TPO use/disclosure (no authorization required), $Leaf(164.506(c)(1): covered entity's own TPO))
research_hospital	research_hospital	research_subject	ct_scan_B1	medical-record	case-management	$Leaf(164.506(c)(1): covered entity's own TPO)
research_hospital	research_hospital	research_subject	ct_scan_B1	medical-record	case-management	$Step1(164.506(a): standard TPO use/disclosure (no authorization required), $Leaf(164.506(c)(1): covered entity's own TPO))
research_hospital	research_hospital	research_subject	ct_scan_B2	medical-record	case-management	$Leaf(164.506(c)(1): covered entity's own TPO)
research_hospital	research_hospital	research_subject	ct_scan_B2	medical-record	case-management	$Step1(164.506(a): standard TPO use/disclosure (no authorization required), $Leaf(164.506(c)(1): covered entity's own TPO))
research_hospital	research_hospital	research_subject	reidentified_face	medical-record	case-management	$Leaf(164.506(c)(1): covered entity's own TPO)
research_hospital	research_hospital	research_subject	reidentified_face	medical-record	case-management	$Step1(164.506(a): standard TPO use/disclosure (no authorization required), $Leaf(164.506(c)(1): covered entity's own TPO))
lead_author	lead_author	research_subject	ct_scan_A1	medical-record	case-management	$Leaf(164.506(c)(1): covered entity's own TPO)
lead_author	lead_author	research_subject	ct_scan_A1	medical-record	case-management	$Step1(164.506(a): standard TPO use/disclosure (no authorization required), $Leaf(164.506(c)(1): covered entity's own TPO))
lead_author	lead_author	research_subject	ct_scan_A2	medical-record	case-management	$Leaf(164.506(c)(1): covered entity's own TPO)
lead_author	lead_author	research_subject	ct_scan_A2	medical-record	case-management	$Step1(164.506(a): standard TPO use/disclosure (no authorization required), $Leaf(164.506(c)(1): covered entity's own TPO))
lead_author	lead_author	research_subject	ct_scan_B1	medical-record	case-management	$Leaf(164.506(c)(1): covered entity's own TPO)
lead_author	lead_author	research_subject	ct_scan_B1	medical-record	case-management	$Step1(164.506(a): standard TPO use/disclosure (no authorization required), $Leaf(164.506(c)(1): covered entity's own TPO))
lead_author	lead_author	research_subject	ct_scan_B2	medical-record	case-management	$Leaf(164.506(c)(1): covered entity's own TPO)
lead_author	lead_author	research_subject	ct_scan_B2	medical-record	case-management	$Step1(164.506(a): standard TPO use/disclosure (no authorization required), $Leaf(164.506(c)(1): covered entity's own TPO))
lead_author	lead_author	research_subject	reidentified_face	medical-record	case-management	$Leaf(164.506(c)(1): covered entity's own TPO)
lead_author	lead_author	research_subject	reidentified_face	medical-record	case-management	$Step1(164.506(a): standard TPO use/disclosure (no authorization required), $Leaf(164.506(c)(1): covered entity's own TPO))
other_university_hospital	other_university_hospital	research_subject	ct_scan_A1	medical-record	case-management	$Leaf(164.506(c)(1): covered entity's own TPO)
other_university_hospital	other_university_hospital	research_subject	ct_scan_A1	medical-record	case-management	$Step1(164.506(a): standard TPO use/disclosure (no authorization required), $Leaf(164.506(c)(1): covered entity's own TPO))
other_university_hospital	other_university_hospital	research_subject	ct_scan_A2	medical-record	case-management	$Leaf(164.506(c)(1): covered entity's own TPO)
other_university_hospital	other_university_hospital	research_subject	ct_scan_A2	medical-record	case-management	$Step1(164.506(a): standard TPO use/disclosure (no authorization required), $Leaf(164.506(c)(1): covered entity's own TPO))
other_university_hospital	other_university_hospital	research_subject	ct_scan_B1	medical-record	case-management	$Leaf(164.506(c)(1): covered entity's own TPO)
other_university_hospital	other_university_hospital	research_subject	ct_scan_B1	medical-record	case-management	$Step1(164.506(a): standard TPO use/disclosure (no authorization required), $Leaf(164.506(c)(1): covered entity's own TPO))
other_university_hospital	other_university_hospital	research_subject	ct_scan_B2	medical-record	case-management	$Leaf(164.506(c)(1): covered entity's own TPO)
other_university_hospital	other_university_hospital	research_subject	ct_scan_B2	medical-record	case-management	$Step1(164.506(a): standard TPO use/disclosure (no authorization required), $Leaf(164.506(c)(1): covered entity's own TPO))
other_university_hospital	other_university_hospital	research_subject	reidentified_face	medical-record	case-management	$Leaf(164.506(c)(1): covered entity's own TPO)
other_university_hospital	other_university_hospital	research_subject	reidentified_face	medical-record	case-management	$Step1(164.506(a): standard TPO use/disclosure (no authorization required), $Leaf(164.506(c)(1): covered entity's own TPO))
research_hospital	research_hospital	research_subject	ct_scan_A1	medical-record	care-coordination	$Leaf(164.506(c)(1): covered entity's own TPO)
research_hospital	research_hospital	research_subject	ct_scan_A1	medical-record	care-coordination	$Step1(164.506(a): standard TPO use/disclosure (no authorization required), $Leaf(164.506(c)(1): covered entity's own TPO))
research_hospital	research_hospital	research_subject	ct_scan_A2	medical-record	care-coordination	$Leaf(164.506(c)(1): covered entity's own TPO)
research_hospital	research_hospital	research_subject	ct_scan_A2	medical-record	care-coordination	$Step1(164.506(a): standard TPO use/disclosure (no authorization required), $Leaf(164.506(c)(1): covered entity's own TPO))
research_hospital	research_hospital	research_subject	ct_scan_B1	medical-record	care-coordination	$Leaf(164.506(c)(1): covered entity's own TPO)
research_hospital	research_hospital	research_subject	ct_scan_B1	medical-record	care-coordination	$Step1(164.506(a): standard TPO use/disclosure (no authorization required), $Leaf(164.506(c)(1): covered entity's own TPO))
research_hospital	research_hospital	research_subject	ct_scan_B2	medical-record	care-coordination	$Leaf(164.506(c)(1): covered entity's own TPO)
research_hospital	research_hospital	research_subject	ct_scan_B2	medical-record	care-coordination	$Step1(164.506(a): standard TPO use/disclosure (no authorization required), $Leaf(164.506(c)(1): covered entity's own TPO))
research_hospital	research_hospital	research_subject	reidentified_face	medical-record	care-coordination	$Leaf(164.506(c)(1): covered entity's own TPO)
research_hospital	research_hospital	research_subject	reidentified_face	medical-record	care-coordination	$Step1(164.506(a): standard TPO use/disclosure (no authorization required), $Leaf(164.506(c)(1): covered entity's own TPO))
lead_author	lead_author	research_subject	ct_scan_A1	medical-record	care-coordination	$Leaf(164.506(c)(1): covered entity's own TPO)
lead_author	lead_author	research_subject	ct_scan_A1	medical-record	care-coordination	$Step1(164.506(a): standard TPO use/disclosure (no authorization required), $Leaf(164.506(c)(1): covered entity's own TPO))
lead_author	lead_author	research_subject	ct_scan_A2	medical-record	care-coordination	$Leaf(164.506(c)(1): covered entity's own TPO)
lead_author	lead_author	research_subject	ct_scan_A2	medical-record	care-coordination	$Step1(164.506(a): standard TPO use/disclosure (no authorization required), $Leaf(164.506(c)(1): covered entity's own TPO))
lead_author	lead_author	research_subject	ct_scan_B1	medical-record	care-coordination	$Leaf(164.506(c)(1): covered entity's own TPO)
lead_author	lead_author	research_subject	ct_scan_B1	medical-record	care-coordination	$Step1(164.506(a): standard TPO use/disclosure (no authorization required), $Leaf(164.506(c)(1): covered entity's own TPO))
lead_author	lead_author	research_subject	ct_scan_B2	medical-record	care-coordination	$Leaf(164.506(c)(1): covered entity's own TPO)
lead_author	lead_author	research_subject	ct_scan_B2	medical-record	care-coordination	$Step1(164.506(a): standard TPO use/disclosure (no authorization required), $Leaf(164.506(c)(1): covered entity's own TPO))
lead_author	lead_author	research_subject	reidentified_face	medical-record	care-coordination	$Leaf(164.506(c)(1): covered entity's own TPO)
lead_author	lead_author	research_subject	reidentified_face	medical-record	care-coordination	$Step1(164.506(a): standard TPO use/disclosure (no authorization required), $Leaf(164.506(c)(1): covered entity's own TPO))
other_university_hospital	other_university_hospital	research_subject	ct_scan_A1	medical-record	care-coordination	$Leaf(164.506(c)(1): covered entity's own TPO)
other_university_hospital	other_university_hospital	research_subject	ct_scan_A1	medical-record	care-coordination	$Step1(164.506(a): standard TPO use/disclosure (no authorization required), $Leaf(164.506(c)(1): covered entity's own TPO))
other_university_hospital	other_university_hospital	research_subject	ct_scan_A2	medical-record	care-coordination	$Leaf(164.506(c)(1): covered entity's own TPO)
other_university_hospital	other_university_hospital	research_subject	ct_scan_A2	medical-record	care-coordination	$Step1(164.506(a): standard TPO use/disclosure (no authorization required), $Leaf(164.506(c)(1): covered entity's own TPO))
other_university_hospital	other_university_hospital	research_subject	ct_scan_B1	medical-record	care-coordination	$Leaf(164.506(c)(1): covered entity's own TPO)
other_university_hospital	other_university_hospital	research_subject	ct_scan_B1	medical-record	care-coordination	$Step1(164.506(a): standard TPO use/disclosure (no authorization required), $Leaf(164.506(c)(1): covered entity's own TPO))
other_university_hospital	other_university_hospital	research_subject	ct_scan_B2	medical-record	care-coordination	$Leaf(164.506(c)(1): covered entity's own TPO)
other_university_hospital	other_university_hospital	research_subject	ct_scan_B2	medical-record	care-coordination	$Step1(164.506(a): standard TPO use/disclosure (no authorization required), $Leaf(164.506(c)(1): covered entity's own TPO))
other_university_hospital	other_university_hospital	research_subject	reidentified_face	medical-record	care-coordination	$Leaf(164.506(c)(1): covered entity's own TPO)
other_university_hospital	other_university_hospital	research_subject	reidentified_face	medical-record	care-coordination	$Step1(164.506(a): standard TPO use/disclosure (no authorization required), $Leaf(164.506(c)(1): covered entity's own TPO))
research_hospital	research_hospital	research_subject	ct_scan_A1	medical-record	competency-assurance	$Leaf(164.506(c)(1): covered entity's own TPO)
research_hospital	research_hospital	research_subject	ct_scan_A1	medical-record	competency-assurance	$Step1(164.506(a): standard TPO use/disclosure (no authorization required), $Leaf(164.506(c)(1): covered entity's own TPO))
research_hospital	research_hospital	research_subject	ct_scan_A2	medical-record	competency-assurance	$Leaf(164.506(c)(1): covered entity's own TPO)
research_hospital	research_hospital	research_subject	ct_scan_A2	medical-record	competency-assurance	$Step1(164.506(a): standard TPO use/disclosure (no authorization required), $Leaf(164.506(c)(1): covered entity's own TPO))
research_hospital	research_hospital	research_subject	ct_scan_B1	medical-record	competency-assurance	$Leaf(164.506(c)(1): covered entity's own TPO)
research_hospital	research_hospital	research_subject	ct_scan_B1	medical-record	competency-assurance	$Step1(164.506(a): standard TPO use/disclosure (no authorization required), $Leaf(164.506(c)(1): covered entity's own TPO))
research_hospital	research_hospital	research_subject	ct_scan_B2	medical-record	competency-assurance	$Leaf(164.506(c)(1): covered entity's own TPO)
research_hospital	research_hospital	research_subject	ct_scan_B2	medical-record	competency-assurance	$Step1(164.506(a): standard TPO use/disclosure (no authorization required), $Leaf(164.506(c)(1): covered entity's own TPO))
research_hospital	research_hospital	research_subject	reidentified_face	medical-record	competency-assurance	$Leaf(164.506(c)(1): covered entity's own TPO)
research_hospital	research_hospital	research_subject	reidentified_face	medical-record	competency-assurance	$Step1(164.506(a): standard TPO use/disclosure (no authorization required), $Leaf(164.506(c)(1): covered entity's own TPO))
lead_author	lead_author	research_subject	ct_scan_A1	medical-record	competency-assurance	$Leaf(164.506(c)(1): covered entity's own TPO)
lead_author	lead_author	research_subject	ct_scan_A1	medical-record	competency-assurance	$Step1(164.506(a): standard TPO use/disclosure (no authorization required), $Leaf(164.506(c)(1): covered entity's own TPO))
lead_author	lead_author	research_subject	ct_scan_A2	medical-record	competency-assurance	$Leaf(164.506(c)(1): covered entity's own TPO)
lead_author	lead_author	research_subject	ct_scan_A2	medical-record	competency-assurance	$Step1(164.506(a): standard TPO use/disclosure (no authorization required), $Leaf(164.506(c)(1): covered entity's own TPO))
lead_author	lead_author	research_subject	ct_scan_B1	medical-record	competency-assurance	$Leaf(164.506(c)(1): covered entity's own TPO)
lead_author	lead_author	research_subject	ct_scan_B1	medical-record	competency-assurance	$Step1(164.506(a): standard TPO use/disclosure (no authorization required), $Leaf(164.506(c)(1): covered entity's own TPO))
lead_author	lead_author	research_subject	ct_scan_B2	medical-record	competency-assurance	$Leaf(164.506(c)(1): covered entity's own TPO)
lead_author	lead_author	research_subject	ct_scan_B2	medical-record	competency-assurance	$Step1(164.506(a): standard TPO use/disclosure (no authorization required), $Leaf(164.506(c)(1): covered entity's own TPO))
lead_author	lead_author	research_subject	reidentified_face	medical-record	competency-assurance	$Leaf(164.506(c)(1): covered entity's own TPO)
lead_author	lead_author	research_subject	reidentified_face	medical-record	competency-assurance	$Step1(164.506(a): standard TPO use/disclosure (no authorization required), $Leaf(164.506(c)(1): covered entity's own TPO))
other_university_hospital	other_university_hospital	research_subject	ct_scan_A1	medical-record	competency-assurance	$Leaf(164.506(c)(1): covered entity's own TPO)
other_university_hospital	other_university_hospital	research_subject	ct_scan_A1	medical-record	competency-assurance	$Step1(164.506(a): standard TPO use/disclosure (no authorization required), $Leaf(164.506(c)(1): covered entity's own TPO))
other_university_hospital	other_university_hospital	research_subject	ct_scan_A2	medical-record	competency-assurance	$Leaf(164.506(c)(1): covered entity's own TPO)
other_university_hospital	other_university_hospital	research_subject	ct_scan_A2	medical-record	competency-assurance	$Step1(164.506(a): standard TPO use/disclosure (no authorization required), $Leaf(164.506(c)(1): covered entity's own TPO))
other_university_hospital	other_university_hospital	research_subject	ct_scan_B1	medical-record	competency-assurance	$Leaf(164.506(c)(1): covered entity's own TPO)
other_university_hospital	other_university_hospital	research_subject	ct_scan_B1	medical-record	competency-assurance	$Step1(164.506(a): standard TPO use/disclosure (no authorization required), $Leaf(164.506(c)(1): covered entity's own TPO))
other_university_hospital	other_university_hospital	research_subject	ct_scan_B2	medical-record	competency-assurance	$Leaf(164.506(c)(1): covered entity's own TPO)
other_university_hospital	other_university_hospital	research_subject	ct_scan_B2	medical-record	competency-assurance	$Step1(164.506(a): standard TPO use/disclosure (no authorization required), $Leaf(164.506(c)(1): covered entity's own TPO))
other_university_hospital	other_university_hospital	research_subject	reidentified_face	medical-record	competency-assurance	$Leaf(164.506(c)(1): covered entity's own TPO)
other_university_hospital	other_university_hospital	research_subject	reidentified_face	medical-record	competency-assurance	$Step1(164.506(a): standard TPO use/disclosure (no authorization required), $Leaf(164.506(c)(1): covered entity's own TPO))
research_hospital	research_hospital	research_subject	ct_scan_A1	medical-record	fraud-detection	$Leaf(164.506(c)(1): covered entity's own TPO)
research_hospital	research_hospital	research_subject	ct_scan_A1	medical-record	fraud-detection	$Step1(164.506(a): standard TPO use/disclosure (no authorization required), $Leaf(164.506(c)(1): covered entity's own TPO))
research_hospital	research_hospital	research_subject	ct_scan_A2	medical-record	fraud-detection	$Leaf(164.506(c)(1): covered entity's own TPO)
research_hospital	research_hospital	research_subject	ct_scan_A2	medical-record	fraud-detection	$Step1(164.506(a): standard TPO use/disclosure (no authorization required), $Leaf(164.506(c)(1): covered entity's own TPO))
research_hospital	research_hospital	research_subject	ct_scan_B1	medical-record	fraud-detection	$Leaf(164.506(c)(1): covered entity's own TPO)
research_hospital	research_hospital	research_subject	ct_scan_B1	medical-record	fraud-detection	$Step1(164.506(a): standard TPO use/disclosure (no authorization required), $Leaf(164.506(c)(1): covered entity's own TPO))
research_hospital	research_hospital	research_subject	ct_scan_B2	medical-record	fraud-detection	$Leaf(164.506(c)(1): covered entity's own TPO)
research_hospital	research_hospital	research_subject	ct_scan_B2	medical-record	fraud-detection	$Step1(164.506(a): standard TPO use/disclosure (no authorization required), $Leaf(164.506(c)(1): covered entity's own TPO))
research_hospital	research_hospital	research_subject	reidentified_face	medical-record	fraud-detection	$Leaf(164.506(c)(1): covered entity's own TPO)
research_hospital	research_hospital	research_subject	reidentified_face	medical-record	fraud-detection	$Step1(164.506(a): standard TPO use/disclosure (no authorization required), $Leaf(164.506(c)(1): covered entity's own TPO))
lead_author	lead_author	research_subject	ct_scan_A1	medical-record	fraud-detection	$Leaf(164.506(c)(1): covered entity's own TPO)
lead_author	lead_author	research_subject	ct_scan_A1	medical-record	fraud-detection	$Step1(164.506(a): standard TPO use/disclosure (no authorization required), $Leaf(164.506(c)(1): covered entity's own TPO))
lead_author	lead_author	research_subject	ct_scan_A2	medical-record	fraud-detection	$Leaf(164.506(c)(1): covered entity's own TPO)
lead_author	lead_author	research_subject	ct_scan_A2	medical-record	fraud-detection	$Step1(164.506(a): standard TPO use/disclosure (no authorization required), $Leaf(164.506(c)(1): covered entity's own TPO))
lead_author	lead_author	research_subject	ct_scan_B1	medical-record	fraud-detection	$Leaf(164.506(c)(1): covered entity's own TPO)
lead_author	lead_author	research_subject	ct_scan_B1	medical-record	fraud-detection	$Step1(164.506(a): standard TPO use/disclosure (no authorization required), $Leaf(164.506(c)(1): covered entity's own TPO))
lead_author	lead_author	research_subject	ct_scan_B2	medical-record	fraud-detection	$Leaf(164.506(c)(1): covered entity's own TPO)
lead_author	lead_author	research_subject	ct_scan_B2	medical-record	fraud-detection	$Step1(164.506(a): standard TPO use/disclosure (no authorization required), $Leaf(164.506(c)(1): covered entity's own TPO))
lead_author	lead_author	research_subject	reidentified_face	medical-record	fraud-detection	$Leaf(164.506(c)(1): covered entity's own TPO)
lead_author	lead_author	research_subject	reidentified_face	medical-record	fraud-detection	$Step1(164.506(a): standard TPO use/disclosure (no authorization required), $Leaf(164.506(c)(1): covered entity's own TPO))
other_university_hospital	other_university_hospital	research_subject	ct_scan_A1	medical-record	fraud-detection	$Leaf(164.506(c)(1): covered entity's own TPO)
other_university_hospital	other_university_hospital	research_subject	ct_scan_A1	medical-record	fraud-detection	$Step1(164.506(a): standard TPO use/disclosure (no authorization required), $Leaf(164.506(c)(1): covered entity's own TPO))
other_university_hospital	other_university_hospital	research_subject	ct_scan_A2	medical-record	fraud-detection	$Leaf(164.506(c)(1): covered entity's own TPO)
other_university_hospital	other_university_hospital	research_subject	ct_scan_A2	medical-record	fraud-detection	$Step1(164.506(a): standard TPO use/disclosure (no authorization required), $Leaf(164.506(c)(1): covered entity's own TPO))
other_university_hospital	other_university_hospital	research_subject	ct_scan_B1	medical-record	fraud-detection	$Leaf(164.506(c)(1): covered entity's own TPO)
other_university_hospital	other_university_hospital	research_subject	ct_scan_B1	medical-record	fraud-detection	$Step1(164.506(a): standard TPO use/disclosure (no authorization required), $Leaf(164.506(c)(1): covered entity's own TPO))
other_university_hospital	other_university_hospital	research_subject	ct_scan_B2	medical-record	fraud-detection	$Leaf(164.506(c)(1): covered entity's own TPO)
other_university_hospital	other_university_hospital	research_subject	ct_scan_B2	medical-record	fraud-detection	$Step1(164.506(a): standard TPO use/disclosure (no authorization required), $Leaf(164.506(c)(1): covered entity's own TPO))
other_university_hospital	other_university_hospital	research_subject	reidentified_face	medical-record	fraud-detection	$Leaf(164.506(c)(1): covered entity's own TPO)
other_university_hospital	other_university_hospital	research_subject	reidentified_face	medical-record	fraud-detection	$Step1(164.506(a): standard TPO use/disclosure (no authorization required), $Leaf(164.506(c)(1): covered entity's own TPO))
research_hospital	research_hospital	research_subject	ct_scan_A1	medical-record	compliance-audit	$Leaf(164.506(c)(1): covered entity's own TPO)
research_hospital	research_hospital	research_subject	ct_scan_A1	medical-record	compliance-audit	$Step1(164.506(a): standard TPO use/disclosure (no authorization required), $Leaf(164.506(c)(1): covered entity's own TPO))
research_hospital	research_hospital	research_subject	ct_scan_A2	medical-record	compliance-audit	$Leaf(164.506(c)(1): covered entity's own TPO)
research_hospital	research_hospital	research_subject	ct_scan_A2	medical-record	compliance-audit	$Step1(164.506(a): standard TPO use/disclosure (no authorization required), $Leaf(164.506(c)(1): covered entity's own TPO))
research_hospital	research_hospital	research_subject	ct_scan_B1	medical-record	compliance-audit	$Leaf(164.506(c)(1): covered entity's own TPO)
research_hospital	research_hospital	research_subject	ct_scan_B1	medical-record	compliance-audit	$Step1(164.506(a): standard TPO use/disclosure (no authorization required), $Leaf(164.506(c)(1): covered entity's own TPO))
research_hospital	research_hospital	research_subject	ct_scan_B2	medical-record	compliance-audit	$Leaf(164.506(c)(1): covered entity's own TPO)
research_hospital	research_hospital	research_subject	ct_scan_B2	medical-record	compliance-audit	$Step1(164.506(a): standard TPO use/disclosure (no authorization required), $Leaf(164.506(c)(1): covered entity's own TPO))
research_hospital	research_hospital	research_subject	reidentified_face	medical-record	compliance-audit	$Leaf(164.506(c)(1): covered entity's own TPO)
research_hospital	research_hospital	research_subject	reidentified_face	medical-record	compliance-audit	$Step1(164.506(a): standard TPO use/disclosure (no authorization required), $Leaf(164.506(c)(1): covered entity's own TPO))
lead_author	lead_author	research_subject	ct_scan_A1	medical-record	compliance-audit	$Leaf(164.506(c)(1): covered entity's own TPO)
lead_author	lead_author	research_subject	ct_scan_A1	medical-record	compliance-audit	$Step1(164.506(a): standard TPO use/disclosure (no authorization required), $Leaf(164.506(c)(1): covered entity's own TPO))
lead_author	lead_author	research_subject	ct_scan_A2	medical-record	compliance-audit	$Leaf(164.506(c)(1): covered entity's own TPO)
lead_author	lead_author	research_subject	ct_scan_A2	medical-record	compliance-audit	$Step1(164.506(a): standard TPO use/disclosure (no authorization required), $Leaf(164.506(c)(1): covered entity's own TPO))
lead_author	lead_author	research_subject	ct_scan_B1	medical-record	compliance-audit	$Leaf(164.506(c)(1): covered entity's own TPO)
lead_author	lead_author	research_subject	ct_scan_B1	medical-record	compliance-audit	$Step1(164.506(a): standard TPO use/disclosure (no authorization required), $Leaf(164.506(c)(1): covered entity's own TPO))
lead_author	lead_author	research_subject	ct_scan_B2	medical-record	compliance-audit	$Leaf(164.506(c)(1): covered entity's own TPO)
lead_author	lead_author	research_subject	ct_scan_B2	medical-record	compliance-audit	$Step1(164.506(a): standard TPO use/disclosure (no authorization required), $Leaf(164.506(c)(1): covered entity's own TPO))
lead_author	lead_author	research_subject	reidentified_face	medical-record	compliance-audit	$Leaf(164.506(c)(1): covered entity's own TPO)
lead_author	lead_author	research_subject	reidentified_face	medical-record	compliance-audit	$Step1(164.506(a): standard TPO use/disclosure (no authorization required), $Leaf(164.506(c)(1): covered entity's own TPO))
other_university_hospital	other_university_hospital	research_subject	ct_scan_A1	medical-record	compliance-audit	$Leaf(164.506(c)(1): covered entity's own TPO)
other_university_hospital	other_university_hospital	research_subject	ct_scan_A1	medical-record	compliance-audit	$Step1(164.506(a): standard TPO use/disclosure (no authorization required), $Leaf(164.506(c)(1): covered entity's own TPO))
other_university_hospital	other_university_hospital	research_subject	ct_scan_A2	medical-record	compliance-audit	$Leaf(164.506(c)(1): covered entity's own TPO)
other_university_hospital	other_university_hospital	research_subject	ct_scan_A2	medical-record	compliance-audit	$Step1(164.506(a): standard TPO use/disclosure (no authorization required), $Leaf(164.506(c)(1): covered entity's own TPO))
other_university_hospital	other_university_hospital	research_subject	ct_scan_B1	medical-record	compliance-audit	$Leaf(164.506(c)(1): covered entity's own TPO)
other_university_hospital	other_university_hospital	research_subject	ct_scan_B1	medical-record	compliance-audit	$Step1(164.506(a): standard TPO use/disclosure (no authorization required), $Leaf(164.506(c)(1): covered entity's own TPO))
other_university_hospital	other_university_hospital	research_subject	ct_scan_B2	medical-record	compliance-audit	$Leaf(164.506(c)(1): covered entity's own TPO)
other_university_hospital	other_university_hospital	research_subject	ct_scan_B2	medical-record	compliance-audit	$Step1(164.506(a): standard TPO use/disclosure (no authorization required), $Leaf(164.506(c)(1): covered entity's own TPO))
other_university_hospital	other_university_hospital	research_subject	reidentified_face	medical-record	compliance-audit	$Leaf(164.506(c)(1): covered entity's own TPO)
other_university_hospital	other_university_hospital	research_subject	reidentified_face	medical-record	compliance-audit	$Step1(164.506(a): standard TPO use/disclosure (no authorization required), $Leaf(164.506(c)(1): covered entity's own TPO))
research_hospital	research_hospital	research_subject	ct_scan_A1	medical-record	business-planning	$Leaf(164.506(c)(1): covered entity's own TPO)
research_hospital	research_hospital	research_subject	ct_scan_A1	medical-record	business-planning	$Step1(164.506(a): standard TPO use/disclosure (no authorization required), $Leaf(164.506(c)(1): covered entity's own TPO))
research_hospital	research_hospital	research_subject	ct_scan_A2	medical-record	business-planning	$Leaf(164.506(c)(1): covered entity's own TPO)
research_hospital	research_hospital	research_subject	ct_scan_A2	medical-record	business-planning	$Step1(164.506(a): standard TPO use/disclosure (no authorization required), $Leaf(164.506(c)(1): covered entity's own TPO))
research_hospital	research_hospital	research_subject	ct_scan_B1	medical-record	business-planning	$Leaf(164.506(c)(1): covered entity's own TPO)
research_hospital	research_hospital	research_subject	ct_scan_B1	medical-record	business-planning	$Step1(164.506(a): standard TPO use/disclosure (no authorization required), $Leaf(164.506(c)(1): covered entity's own TPO))
research_hospital	research_hospital	research_subject	ct_scan_B2	medical-record	business-planning	$Leaf(164.506(c)(1): covered entity's own TPO)
research_hospital	research_hospital	research_subject	ct_scan_B2	medical-record	business-planning	$Step1(164.506(a): standard TPO use/disclosure (no authorization required), $Leaf(164.506(c)(1): covered entity's own TPO))
research_hospital	research_hospital	research_subject	reidentified_face	medical-record	business-planning	$Leaf(164.506(c)(1): covered entity's own TPO)
research_hospital	research_hospital	research_subject	reidentified_face	medical-record	business-planning	$Step1(164.506(a): standard TPO use/disclosure (no authorization required), $Leaf(164.506(c)(1): covered entity's own TPO))
lead_author	lead_author	research_subject	ct_scan_A1	medical-record	business-planning	$Leaf(164.506(c)(1): covered entity's own TPO)
lead_author	lead_author	research_subject	ct_scan_A1	medical-record	business-planning	$Step1(164.506(a): standard TPO use/disclosure (no authorization required), $Leaf(164.506(c)(1): covered entity's own TPO))
lead_author	lead_author	research_subject	ct_scan_A2	medical-record	business-planning	$Leaf(164.506(c)(1): covered entity's own TPO)
lead_author	lead_author	research_subject	ct_scan_A2	medical-record	business-planning	$Step1(164.506(a): standard TPO use/disclosure (no authorization required), $Leaf(164.506(c)(1): covered entity's own TPO))
lead_author	lead_author	research_subject	ct_scan_B1	medical-record	business-planning	$Leaf(164.506(c)(1): covered entity's own TPO)
lead_author	lead_author	research_subject	ct_scan_B1	medical-record	business-planning	$Step1(164.506(a): standard TPO use/disclosure (no authorization required), $Leaf(164.506(c)(1): covered entity's own TPO))
lead_author	lead_author	research_subject	ct_scan_B2	medical-record	business-planning	$Leaf(164.506(c)(1): covered entity's own TPO)
lead_author	lead_author	research_subject	ct_scan_B2	medical-record	business-planning	$Step1(164.506(a): standard TPO use/disclosure (no authorization required), $Leaf(164.506(c)(1): covered entity's own TPO))
lead_author	lead_author	research_subject	reidentified_face	medical-record	business-planning	$Leaf(164.506(c)(1): covered entity's own TPO)
lead_author	lead_author	research_subject	reidentified_face	medical-record	business-planning	$Step1(164.506(a): standard TPO use/disclosure (no authorization required), $Leaf(164.506(c)(1): covered entity's own TPO))
other_university_hospital	other_university_hospital	research_subject	ct_scan_A1	medical-record	business-planning	$Leaf(164.506(c)(1): covered entity's own TPO)
other_university_hospital	other_university_hospital	research_subject	ct_scan_A1	medical-record	business-planning	$Step1(164.506(a): standard TPO use/disclosure (no authorization required), $Leaf(164.506(c)(1): covered entity's own TPO))
other_university_hospital	other_university_hospital	research_subject	ct_scan_A2	medical-record	business-planning	$Leaf(164.506(c)(1): covered entity's own TPO)
other_university_hospital	other_university_hospital	research_subject	ct_scan_A2	medical-record	business-planning	$Step1(164.506(a): standard TPO use/disclosure (no authorization required), $Leaf(164.506(c)(1): covered entity's own TPO))
other_university_hospital	other_university_hospital	research_subject	ct_scan_B1	medical-record	business-planning	$Leaf(164.506(c)(1): covered entity's own TPO)
other_university_hospital	other_university_hospital	research_subject	ct_scan_B1	medical-record	business-planning	$Step1(164.506(a): standard TPO use/disclosure (no authorization required), $Leaf(164.506(c)(1): covered entity's own TPO))
other_university_hospital	other_university_hospital	research_subject	ct_scan_B2	medical-record	business-planning	$Leaf(164.506(c)(1): covered entity's own TPO)
other_university_hospital	other_university_hospital	research_subject	ct_scan_B2	medical-record	business-planning	$Step1(164.506(a): standard TPO use/disclosure (no authorization required), $Leaf(164.506(c)(1): covered entity's own TPO))
other_university_hospital	other_university_hospital	research_subject	reidentified_face	medical-record	business-planning	$Leaf(164.506(c)(1): covered entity's own TPO)
other_university_hospital	other_university_hospital	research_subject	reidentified_face	medical-record	business-planning	$Step1(164.506(a): standard TPO use/disclosure (no authorization required), $Leaf(164.506(c)(1): covered entity's own TPO))
research_hospital	research_hospital	research_subject	ct_scan_A1	medical-record	accreditation	$Leaf(164.506(c)(1): covered entity's own TPO)
research_hospital	research_hospital	research_subject	ct_scan_A1	medical-record	accreditation	$Step1(164.506(a): standard TPO use/disclosure (no authorization required), $Leaf(164.506(c)(1): covered entity's own TPO))
research_hospital	research_hospital	research_subject	ct_scan_A2	medical-record	accreditation	$Leaf(164.506(c)(1): covered entity's own TPO)
research_hospital	research_hospital	research_subject	ct_scan_A2	medical-record	accreditation	$Step1(164.506(a): standard TPO use/disclosure (no authorization required), $Leaf(164.506(c)(1): covered entity's own TPO))
research_hospital	research_hospital	research_subject	ct_scan_B1	medical-record	accreditation	$Leaf(164.506(c)(1): covered entity's own TPO)
research_hospital	research_hospital	research_subject	ct_scan_B1	medical-record	accreditation	$Step1(164.506(a): standard TPO use/disclosure (no authorization required), $Leaf(164.506(c)(1): covered entity's own TPO))
research_hospital	research_hospital	research_subject	ct_scan_B2	medical-record	accreditation	$Leaf(164.506(c)(1): covered entity's own TPO)
research_hospital	research_hospital	research_subject	ct_scan_B2	medical-record	accreditation	$Step1(164.506(a): standard TPO use/disclosure (no authorization required), $Leaf(164.506(c)(1): covered entity's own TPO))
research_hospital	research_hospital	research_subject	reidentified_face	medical-record	accreditation	$Leaf(164.506(c)(1): covered entity's own TPO)
research_hospital	research_hospital	research_subject	reidentified_face	medical-record	accreditation	$Step1(164.506(a): standard TPO use/disclosure (no authorization required), $Leaf(164.506(c)(1): covered entity's own TPO))
lead_author	lead_author	research_subject	ct_scan_A1	medical-record	accreditation	$Leaf(164.506(c)(1): covered entity's own TPO)
lead_author	lead_author	research_subject	ct_scan_A1	medical-record	accreditation	$Step1(164.506(a): standard TPO use/disclosure (no authorization required), $Leaf(164.506(c)(1): covered entity's own TPO))
lead_author	lead_author	research_subject	ct_scan_A2	medical-record	accreditation	$Leaf(164.506(c)(1): covered entity's own TPO)
lead_author	lead_author	research_subject	ct_scan_A2	medical-record	accreditation	$Step1(164.506(a): standard TPO use/disclosure (no authorization required), $Leaf(164.506(c)(1): covered entity's own TPO))
lead_author	lead_author	research_subject	ct_scan_B1	medical-record	accreditation	$Leaf(164.506(c)(1): covered entity's own TPO)
lead_author	lead_author	research_subject	ct_scan_B1	medical-record	accreditation	$Step1(164.506(a): standard TPO use/disclosure (no authorization required), $Leaf(164.506(c)(1): covered entity's own TPO))
lead_author	lead_author	research_subject	ct_scan_B2	medical-record	accreditation	$Leaf(164.506(c)(1): covered entity's own TPO)
lead_author	lead_author	research_subject	ct_scan_B2	medical-record	accreditation	$Step1(164.506(a): standard TPO use/disclosure (no authorization required), $Leaf(164.506(c)(1): covered entity's own TPO))
lead_author	lead_author	research_subject	reidentified_face	medical-record	accreditation	$Leaf(164.506(c)(1): covered entity's own TPO)
lead_author	lead_author	research_subject	reidentified_face	medical-record	accreditation	$Step1(164.506(a): standard TPO use/disclosure (no authorization required), $Leaf(164.506(c)(1): covered entity's own TPO))
other_university_hospital	other_university_hospital	research_subject	ct_scan_A1	medical-record	accreditation	$Leaf(164.506(c)(1): covered entity's own TPO)
other_university_hospital	other_university_hospital	research_subject	ct_scan_A1	medical-record	accreditation	$Step1(164.506(a): standard TPO use/disclosure (no authorization required), $Leaf(164.506(c)(1): covered entity's own TPO))
other_university_hospital	other_university_hospital	research_subject	ct_scan_A2	medical-record	accreditation	$Leaf(164.506(c)(1): covered entity's own TPO)
other_university_hospital	other_university_hospital	research_subject	ct_scan_A2	medical-record	accreditation	$Step1(164.506(a): standard TPO use/disclosure (no authorization required), $Leaf(164.506(c)(1): covered entity's own TPO))
other_university_hospital	other_university_hospital	research_subject	ct_scan_B1	medical-record	accreditation	$Leaf(164.506(c)(1): covered entity's own TPO)
other_university_hospital	other_university_hospital	research_subject	ct_scan_B1	medical-record	accreditation	$Step1(164.506(a): standard TPO use/disclosure (no authorization required), $Leaf(164.506(c)(1): covered entity's own TPO))
other_university_hospital	other_university_hospital	research_subject	ct_scan_B2	medical-record	accreditation	$Leaf(164.506(c)(1): covered entity's own TPO)
other_university_hospital	other_university_hospital	research_subject	ct_scan_B2	medical-record	accreditation	$Step1(164.506(a): standard TPO use/disclosure (no authorization required), $Leaf(164.506(c)(1): covered entity's own TPO))
other_university_hospital	other_university_hospital	research_subject	reidentified_face	medical-record	accreditation	$Leaf(164.506(c)(1): covered entity's own TPO)
other_university_hospital	other_university_hospital	research_subject	reidentified_face	medical-record	accreditation	$Step1(164.506(a): standard TPO use/disclosure (no authorization required), $Leaf(164.506(c)(1): covered entity's own TPO))
