This is pdfTeX, Version 3.141592653-2.6-1.40.27 (TeX Live 2025) (preloaded format=pdflatex 2025.3.8)  7 MAY 2026 09:35
entering extended mode
 restricted \write18 enabled.
 %&-line parsing enabled.
**hipaa_formalization_guide_v2.tex
(./hipaa_formalization_guide_v2.tex
LaTeX2e <2024-11-01> patch level 2
L3 programming layer <2025-01-18>
(/usr/local/texlive/2025basic/texmf-dist/tex/latex/base/article.cls
Document Class: article 2024/06/29 v1.4n Standard LaTeX document class
(/usr/local/texlive/2025basic/texmf-dist/tex/latex/base/size11.clo
File: size11.clo 2024/06/29 v1.4n Standard LaTeX file (size option)
)
\c@part=\count196
\c@section=\count197
\c@subsection=\count198
\c@subsubsection=\count199
\c@paragraph=\count266
\c@subparagraph=\count267
\c@figure=\count268
\c@table=\count269
\abovecaptionskip=\skip49
\belowcaptionskip=\skip50
\bibindent=\dimen141
)
(/usr/local/texlive/2025basic/texmf-dist/tex/latex/base/inputenc.sty
Package: inputenc 2024/02/08 v1.3d Input encoding file
\inpenc@prehook=\toks17
\inpenc@posthook=\toks18
)
(/usr/local/texlive/2025basic/texmf-dist/tex/latex/base/fontenc.sty
Package: fontenc 2021/04/29 v2.0v Standard LaTeX package
)
(/usr/local/texlive/2025basic/texmf-dist/tex/latex/lm/lmodern.sty
Package: lmodern 2015/05/01 v1.6.1 Latin Modern Fonts
LaTeX Font Info:    Overwriting symbol font `operators' in version `normal'
(Font)                  OT1/cmr/m/n --> OT1/lmr/m/n on input line 22.
LaTeX Font Info:    Overwriting symbol font `letters' in version `normal'
(Font)                  OML/cmm/m/it --> OML/lmm/m/it on input line 23.
LaTeX Font Info:    Overwriting symbol font `symbols' in version `normal'
(Font)                  OMS/cmsy/m/n --> OMS/lmsy/m/n on input line 24.
LaTeX Font Info:    Overwriting symbol font `largesymbols' in version `normal'
(Font)                  OMX/cmex/m/n --> OMX/lmex/m/n on input line 25.
LaTeX Font Info:    Overwriting symbol font `operators' in version `bold'
(Font)                  OT1/cmr/bx/n --> OT1/lmr/bx/n on input line 26.
LaTeX Font Info:    Overwriting symbol font `letters' in version `bold'
(Font)                  OML/cmm/b/it --> OML/lmm/b/it on input line 27.
LaTeX Font Info:    Overwriting symbol font `symbols' in version `bold'
(Font)                  OMS/cmsy/b/n --> OMS/lmsy/b/n on input line 28.
LaTeX Font Info:    Overwriting symbol font `largesymbols' in version `bold'
(Font)                  OMX/cmex/m/n --> OMX/lmex/m/n on input line 29.
LaTeX Font Info:    Overwriting math alphabet `\mathbf' in version `normal'
(Font)                  OT1/cmr/bx/n --> OT1/lmr/bx/n on input line 31.
LaTeX Font Info:    Overwriting math alphabet `\mathsf' in version `normal'
(Font)                  OT1/cmss/m/n --> OT1/lmss/m/n on input line 32.
LaTeX Font Info:    Overwriting math alphabet `\mathit' in version `normal'
(Font)                  OT1/cmr/m/it --> OT1/lmr/m/it on input line 33.
LaTeX Font Info:    Overwriting math alphabet `\mathtt' in version `normal'
(Font)                  OT1/cmtt/m/n --> OT1/lmtt/m/n on input line 34.
LaTeX Font Info:    Overwriting math alphabet `\mathbf' in version `bold'
(Font)                  OT1/cmr/bx/n --> OT1/lmr/bx/n on input line 35.
LaTeX Font Info:    Overwriting math alphabet `\mathsf' in version `bold'
(Font)                  OT1/cmss/bx/n --> OT1/lmss/bx/n on input line 36.
LaTeX Font Info:    Overwriting math alphabet `\mathit' in version `bold'
(Font)                  OT1/cmr/bx/it --> OT1/lmr/bx/it on input line 37.
LaTeX Font Info:    Overwriting math alphabet `\mathtt' in version `bold'
(Font)                  OT1/cmtt/m/n --> OT1/lmtt/m/n on input line 38.
)
(/usr/local/texlive/2025basic/texmf-dist/tex/latex/geometry/geometry.sty
Package: geometry 2020/01/02 v5.9 Page Geometry

(/usr/local/texlive/2025basic/texmf-dist/tex/latex/graphics/keyval.sty
Package: keyval 2022/05/29 v1.15 key=value parser (DPC)
\KV@toks@=\toks19
)
(/usr/local/texlive/2025basic/texmf-dist/tex/generic/iftex/ifvtex.sty
Package: ifvtex 2019/10/25 v1.7 ifvtex legacy package. Use iftex instead.

(/usr/local/texlive/2025basic/texmf-dist/tex/generic/iftex/iftex.sty
Package: iftex 2024/12/12 v1.0g TeX engine tests
))
\Gm@cnth=\count270
\Gm@cntv=\count271
\c@Gm@tempcnt=\count272
\Gm@bindingoffset=\dimen142
\Gm@wd@mp=\dimen143
\Gm@odd@mp=\dimen144
\Gm@even@mp=\dimen145
\Gm@layoutwidth=\dimen146
\Gm@layoutheight=\dimen147
\Gm@layouthoffset=\dimen148
\Gm@layoutvoffset=\dimen149
\Gm@dimlist=\toks20
)
(/usr/local/texlive/2025basic/texmf-dist/tex/latex/hyperref/hyperref.sty
Package: hyperref 2024-11-05 v7.01l Hypertext links for LaTeX

(/usr/local/texlive/2025basic/texmf-dist/tex/latex/kvsetkeys/kvsetkeys.sty
Package: kvsetkeys 2022-10-05 v1.19 Key value parser (HO)
)
(/usr/local/texlive/2025basic/texmf-dist/tex/generic/kvdefinekeys/kvdefinekeys.
sty
Package: kvdefinekeys 2019-12-19 v1.6 Define keys (HO)
)
(/usr/local/texlive/2025basic/texmf-dist/tex/generic/pdfescape/pdfescape.sty
Package: pdfescape 2019/12/09 v1.15 Implements pdfTeX's escape features (HO)

(/usr/local/texlive/2025basic/texmf-dist/tex/generic/ltxcmds/ltxcmds.sty
Package: ltxcmds 2023-12-04 v1.26 LaTeX kernel commands for general use (HO)
)
(/usr/local/texlive/2025basic/texmf-dist/tex/generic/pdftexcmds/pdftexcmds.sty
Package: pdftexcmds 2020-06-27 v0.33 Utility functions of pdfTeX for LuaTeX (HO
)

(/usr/local/texlive/2025basic/texmf-dist/tex/generic/infwarerr/infwarerr.sty
Package: infwarerr 2019/12/03 v1.5 Providing info/warning/error messages (HO)
)
Package pdftexcmds Info: \pdf@primitive is available.
Package pdftexcmds Info: \pdf@ifprimitive is available.
Package pdftexcmds Info: \pdfdraftmode found.
)) (/usr/local/texlive/2025basic/texmf-dist/tex/latex/hycolor/hycolor.sty
Package: hycolor 2020-01-27 v1.10 Color options for hyperref/bookmark (HO)
)
(/usr/local/texlive/2025basic/texmf-dist/tex/latex/hyperref/nameref.sty
Package: nameref 2023-11-26 v2.56 Cross-referencing by name of section

(/usr/local/texlive/2025basic/texmf-dist/tex/latex/refcount/refcount.sty
Package: refcount 2019/12/15 v3.6 Data extraction from label references (HO)
)
(/usr/local/texlive/2025basic/texmf-dist/tex/generic/gettitlestring/gettitlestr
ing.sty
Package: gettitlestring 2019/12/15 v1.6 Cleanup title references (HO)

(/usr/local/texlive/2025basic/texmf-dist/tex/latex/kvoptions/kvoptions.sty
Package: kvoptions 2022-06-15 v3.15 Key value format for package options (HO)
))
\c@section@level=\count273
)
(/usr/local/texlive/2025basic/texmf-dist/tex/latex/etoolbox/etoolbox.sty
Package: etoolbox 2025/02/11 v2.5l e-TeX tools for LaTeX (JAW)
\etb@tempcnta=\count274
)
(/usr/local/texlive/2025basic/texmf-dist/tex/generic/stringenc/stringenc.sty
Package: stringenc 2019/11/29 v1.12 Convert strings between diff. encodings (HO
)
)
\@linkdim=\dimen150
\Hy@linkcounter=\count275
\Hy@pagecounter=\count276

(/usr/local/texlive/2025basic/texmf-dist/tex/latex/hyperref/pd1enc.def
File: pd1enc.def 2024-11-05 v7.01l Hyperref: PDFDocEncoding definition (HO)
Now handling font encoding PD1 ...
... no UTF-8 mapping file for font encoding PD1
)
(/usr/local/texlive/2025basic/texmf-dist/tex/generic/intcalc/intcalc.sty
Package: intcalc 2019/12/15 v1.3 Expandable calculations with integers (HO)
)
\Hy@SavedSpaceFactor=\count277

(/usr/local/texlive/2025basic/texmf-dist/tex/latex/hyperref/puenc.def
File: puenc.def 2024-11-05 v7.01l Hyperref: PDF Unicode definition (HO)
Now handling font encoding PU ...
... no UTF-8 mapping file for font encoding PU
)
Package hyperref Info: Hyper figures OFF on input line 4157.
Package hyperref Info: Link nesting OFF on input line 4162.
Package hyperref Info: Hyper index ON on input line 4165.
Package hyperref Info: Plain pages OFF on input line 4172.
Package hyperref Info: Backreferencing OFF on input line 4177.
Package hyperref Info: Implicit mode ON; LaTeX internals redefined.
Package hyperref Info: Bookmarks ON on input line 4424.
\c@Hy@tempcnt=\count278

(/usr/local/texlive/2025basic/texmf-dist/tex/latex/url/url.sty
\Urlmuskip=\muskip17
Package: url 2013/09/16  ver 3.4  Verb mode for urls, etc.
)
LaTeX Info: Redefining \url on input line 4763.
\XeTeXLinkMargin=\dimen151

(/usr/local/texlive/2025basic/texmf-dist/tex/generic/bitset/bitset.sty
Package: bitset 2019/12/09 v1.3 Handle bit-vector datatype (HO)

(/usr/local/texlive/2025basic/texmf-dist/tex/generic/bigintcalc/bigintcalc.sty
Package: bigintcalc 2019/12/15 v1.5 Expandable calculations on big integers (HO
)
))
\Fld@menulength=\count279
\Field@Width=\dimen152
\Fld@charsize=\dimen153
Package hyperref Info: Hyper figures OFF on input line 6042.
Package hyperref Info: Link nesting OFF on input line 6047.
Package hyperref Info: Hyper index ON on input line 6050.
Package hyperref Info: backreferencing OFF on input line 6057.
Package hyperref Info: Link coloring OFF on input line 6062.
Package hyperref Info: Link coloring with OCG OFF on input line 6067.
Package hyperref Info: PDF/A mode OFF on input line 6072.
 (/usr/local/texlive/2025basic/texmf-dist/tex/latex/base/atbegshi-ltx.sty
Package: atbegshi-ltx 2021/01/10 v1.0c Emulation of the original atbegshi
package with kernel methods
)
\Hy@abspage=\count280
\c@Item=\count281
\c@Hfootnote=\count282
)
Package hyperref Info: Driver (autodetected): hpdftex.

(/usr/local/texlive/2025basic/texmf-dist/tex/latex/hyperref/hpdftex.def
File: hpdftex.def 2024-11-05 v7.01l Hyperref driver for pdfTeX

(/usr/local/texlive/2025basic/texmf-dist/tex/latex/base/atveryend-ltx.sty
Package: atveryend-ltx 2020/08/19 v1.0a Emulation of the original atveryend pac
kage
with kernel methods
)
\Fld@listcount=\count283
\c@bookmark@seq@number=\count284

(/usr/local/texlive/2025basic/texmf-dist/tex/latex/rerunfilecheck/rerunfilechec
k.sty
Package: rerunfilecheck 2022-07-10 v1.10 Rerun checks for auxiliary files (HO)

(/usr/local/texlive/2025basic/texmf-dist/tex/generic/uniquecounter/uniquecounte
r.sty
Package: uniquecounter 2019/12/15 v1.4 Provide unlimited unique counter (HO)
)
Package uniquecounter Info: New unique counter `rerunfilecheck' on input line 2
85.
)
\Hy@SectionHShift=\skip51
) (/usr/local/texlive/2025basic/texmf-dist/tex/latex/xcolor/xcolor.sty
Package: xcolor 2024/09/29 v3.02 LaTeX color extensions (UK)

(/usr/local/texlive/2025basic/texmf-dist/tex/latex/graphics-cfg/color.cfg
File: color.cfg 2016/01/02 v1.6 sample color configuration
)
Package xcolor Info: Driver file: pdftex.def on input line 274.

(/usr/local/texlive/2025basic/texmf-dist/tex/latex/graphics-def/pdftex.def
File: pdftex.def 2024/04/13 v1.2c Graphics/color driver for pdftex
)
(/usr/local/texlive/2025basic/texmf-dist/tex/latex/graphics/mathcolor.ltx)
Package xcolor Info: Model `cmy' substituted by `cmy0' on input line 1349.
Package xcolor Info: Model `hsb' substituted by `rgb' on input line 1353.
Package xcolor Info: Model `RGB' extended on input line 1365.
Package xcolor Info: Model `HTML' substituted by `rgb' on input line 1367.
Package xcolor Info: Model `Hsb' substituted by `hsb' on input line 1368.
Package xcolor Info: Model `tHsb' substituted by `hsb' on input line 1369.
Package xcolor Info: Model `HSB' substituted by `hsb' on input line 1370.
Package xcolor Info: Model `Gray' substituted by `gray' on input line 1371.
Package xcolor Info: Model `wave' substituted by `hsb' on input line 1372.
)
(/usr/local/texlive/2025basic/texmf-dist/tex/latex/listings/listings.sty
\lst@mode=\count285
\lst@gtempboxa=\box52
\lst@token=\toks21
\lst@length=\count286
\lst@currlwidth=\dimen154
\lst@column=\count287
\lst@pos=\count288
\lst@lostspace=\dimen155
\lst@width=\dimen156
\lst@newlines=\count289
\lst@lineno=\count290
\lst@maxwidth=\dimen157

(/usr/local/texlive/2025basic/texmf-dist/tex/latex/listings/lstpatch.sty
File: lstpatch.sty 2024/09/23 1.10c (Carsten Heinz)
)
(/usr/local/texlive/2025basic/texmf-dist/tex/latex/listings/lstmisc.sty
File: lstmisc.sty 2024/09/23 1.10c (Carsten Heinz)
\c@lstnumber=\count291
\lst@skipnumbers=\count292
\lst@framebox=\box53
)
(/usr/local/texlive/2025basic/texmf-dist/tex/latex/listings/listings.cfg
File: listings.cfg 2024/09/23 1.10c listings configuration
))
Package: listings 2024/09/23 1.10c (Carsten Heinz)

(/usr/local/texlive/2025basic/texmf-dist/tex/latex/amsmath/amsmath.sty
Package: amsmath 2024/11/05 v2.17t AMS math features
\@mathmargin=\skip52

For additional information on amsmath, use the `?' option.
(/usr/local/texlive/2025basic/texmf-dist/tex/latex/amsmath/amstext.sty
Package: amstext 2021/08/26 v2.01 AMS text

(/usr/local/texlive/2025basic/texmf-dist/tex/latex/amsmath/amsgen.sty
File: amsgen.sty 1999/11/30 v2.0 generic functions
\@emptytoks=\toks22
\ex@=\dimen158
))
(/usr/local/texlive/2025basic/texmf-dist/tex/latex/amsmath/amsbsy.sty
Package: amsbsy 1999/11/29 v1.2d Bold Symbols
\pmbraise@=\dimen159
)
(/usr/local/texlive/2025basic/texmf-dist/tex/latex/amsmath/amsopn.sty
Package: amsopn 2022/04/08 v2.04 operator names
)
\inf@bad=\count293
LaTeX Info: Redefining \frac on input line 233.
\uproot@=\count294
\leftroot@=\count295
LaTeX Info: Redefining \overline on input line 398.
LaTeX Info: Redefining \colon on input line 409.
\classnum@=\count296
\DOTSCASE@=\count297
LaTeX Info: Redefining \ldots on input line 495.
LaTeX Info: Redefining \dots on input line 498.
LaTeX Info: Redefining \cdots on input line 619.
\Mathstrutbox@=\box54
\strutbox@=\box55
LaTeX Info: Redefining \big on input line 721.
LaTeX Info: Redefining \Big on input line 722.
LaTeX Info: Redefining \bigg on input line 723.
LaTeX Info: Redefining \Bigg on input line 724.
\big@size=\dimen160
LaTeX Font Info:    Redeclaring font encoding OML on input line 742.
LaTeX Font Info:    Redeclaring font encoding OMS on input line 743.
\macc@depth=\count298
LaTeX Info: Redefining \bmod on input line 904.
LaTeX Info: Redefining \pmod on input line 909.
LaTeX Info: Redefining \smash on input line 939.
LaTeX Info: Redefining \relbar on input line 969.
LaTeX Info: Redefining \Relbar on input line 970.
\c@MaxMatrixCols=\count299
\dotsspace@=\muskip18
\c@parentequation=\count300
\dspbrk@lvl=\count301
\tag@help=\toks23
\row@=\count302
\column@=\count303
\maxfields@=\count304
\andhelp@=\toks24
\eqnshift@=\dimen161
\alignsep@=\dimen162
\tagshift@=\dimen163
\tagwidth@=\dimen164
\totwidth@=\dimen165
\lineht@=\dimen166
\@envbody=\toks25
\multlinegap=\skip53
\multlinetaggap=\skip54
\mathdisplay@stack=\toks26
LaTeX Info: Redefining \[ on input line 2953.
LaTeX Info: Redefining \] on input line 2954.
)
(/usr/local/texlive/2025basic/texmf-dist/tex/latex/amsfonts/amssymb.sty
Package: amssymb 2013/01/14 v3.01 AMS font symbols

(/usr/local/texlive/2025basic/texmf-dist/tex/latex/amsfonts/amsfonts.sty
Package: amsfonts 2013/01/14 v3.01 Basic AMSFonts support
\symAMSa=\mathgroup4
\symAMSb=\mathgroup5
LaTeX Font Info:    Redeclaring math symbol \hbar on input line 98.
LaTeX Font Info:    Overwriting math alphabet `\mathfrak' in version `bold'
(Font)                  U/euf/m/n --> U/euf/b/n on input line 106.
))
(/usr/local/texlive/2025basic/texmf-dist/tex/latex/enumitem/enumitem.sty
Package: enumitem 2025/02/06 v3.11 Customized lists
\labelindent=\skip55
\enit@outerparindent=\dimen167
\enit@toks=\toks27
\enit@inbox=\box56
\enit@count@id=\count305
\enitdp@description=\count306
)
(/usr/local/texlive/2025basic/texmf-dist/tex/latex/booktabs/booktabs.sty
Package: booktabs 2020/01/12 v1.61803398 Publication quality tables
\heavyrulewidth=\dimen168
\lightrulewidth=\dimen169
\cmidrulewidth=\dimen170
\belowrulesep=\dimen171
\belowbottomsep=\dimen172
\aboverulesep=\dimen173
\abovetopsep=\dimen174
\cmidrulesep=\dimen175
\cmidrulekern=\dimen176
\defaultaddspace=\dimen177
\@cmidla=\count307
\@cmidlb=\count308
\@aboverulesep=\dimen178
\@belowrulesep=\dimen179
\@thisruleclass=\count309
\@lastruleclass=\count310
\@thisrulewidth=\dimen180
)
(/usr/local/texlive/2025basic/texmf-dist/tex/latex/tools/longtable.sty
Package: longtable 2024-10-27 v4.22 Multi-page Table package (DPC)
\LTleft=\skip56
\LTright=\skip57
\LTpre=\skip58
\LTpost=\skip59
\LTchunksize=\count311
\LTcapwidth=\dimen181
\LT@head=\box57
\LT@firsthead=\box58
\LT@foot=\box59
\LT@lastfoot=\box60
\LT@gbox=\box61
\LT@cols=\count312
\LT@rows=\count313
\c@LT@tables=\count314
\c@LT@chunks=\count315
\LT@p@ftn=\toks28
)
(/usr/local/texlive/2025basic/texmf-dist/tex/latex/tools/tabularx.sty
Package: tabularx 2023/12/11 v2.12a `tabularx' package (DPC)

(/usr/local/texlive/2025basic/texmf-dist/tex/latex/tools/array.sty
Package: array 2024/10/17 v2.6g Tabular extension package (FMi)
\col@sep=\dimen182
\ar@mcellbox=\box62
\extrarowheight=\dimen183
\NC@list=\toks29
\extratabsurround=\skip60
\backup@length=\skip61
\ar@cellbox=\box63
)
\TX@col@width=\dimen184
\TX@old@table=\dimen185
\TX@old@col=\dimen186
\TX@target=\dimen187
\TX@delta=\dimen188
\TX@cols=\count316
\TX@ftn=\toks30
)
(/usr/local/texlive/2025basic/texmf-dist/tex/latex/pgf/frontendlayer/tikz.sty
(/usr/local/texlive/2025basic/texmf-dist/tex/latex/pgf/basiclayer/pgf.sty
(/usr/local/texlive/2025basic/texmf-dist/tex/latex/pgf/utilities/pgfrcs.sty
(/usr/local/texlive/2025basic/texmf-dist/tex/generic/pgf/utilities/pgfutil-comm
on.tex
\pgfutil@everybye=\toks31
\pgfutil@tempdima=\dimen189
\pgfutil@tempdimb=\dimen190
)
(/usr/local/texlive/2025basic/texmf-dist/tex/generic/pgf/utilities/pgfutil-late
x.def
\pgfutil@abb=\box64
)
(/usr/local/texlive/2025basic/texmf-dist/tex/generic/pgf/utilities/pgfrcs.code.
tex (/usr/local/texlive/2025basic/texmf-dist/tex/generic/pgf/pgf.revision.tex)
Package: pgfrcs 2023-01-15 v3.1.10 (3.1.10)
))
Package: pgf 2023-01-15 v3.1.10 (3.1.10)
 (/usr/local/texlive/2025basic/texmf-dist/tex/latex/pgf/basiclayer/pgfcore.sty 
(/usr/local/texlive/2025basic/texmf-dist/tex/latex/graphics/graphicx.sty
Package: graphicx 2021/09/16 v1.2d Enhanced LaTeX Graphics (DPC,SPQR)

(/usr/local/texlive/2025basic/texmf-dist/tex/latex/graphics/graphics.sty
Package: graphics 2024/08/06 v1.4g Standard LaTeX Graphics (DPC,SPQR)

(/usr/local/texlive/2025basic/texmf-dist/tex/latex/graphics/trig.sty
Package: trig 2023/12/02 v1.11 sin cos tan (DPC)
)
(/usr/local/texlive/2025basic/texmf-dist/tex/latex/graphics-cfg/graphics.cfg
File: graphics.cfg 2016/06/04 v1.11 sample graphics configuration
)
Package graphics Info: Driver file: pdftex.def on input line 106.
)
\Gin@req@height=\dimen191
\Gin@req@width=\dimen192
) (/usr/local/texlive/2025basic/texmf-dist/tex/latex/pgf/systemlayer/pgfsys.sty

(/usr/local/texlive/2025basic/texmf-dist/tex/generic/pgf/systemlayer/pgfsys.cod
e.tex
Package: pgfsys 2023-01-15 v3.1.10 (3.1.10)

(/usr/local/texlive/2025basic/texmf-dist/tex/generic/pgf/utilities/pgfkeys.code
.tex
\pgfkeys@pathtoks=\toks32
\pgfkeys@temptoks=\toks33

(/usr/local/texlive/2025basic/texmf-dist/tex/generic/pgf/utilities/pgfkeyslibra
ryfiltered.code.tex
\pgfkeys@tmptoks=\toks34
))
\pgf@x=\dimen193
\pgf@y=\dimen194
\pgf@xa=\dimen195
\pgf@ya=\dimen196
\pgf@xb=\dimen197
\pgf@yb=\dimen198
\pgf@xc=\dimen199
\pgf@yc=\dimen256
\pgf@xd=\dimen257
\pgf@yd=\dimen258
\w@pgf@writea=\write3
\r@pgf@reada=\read2
\c@pgf@counta=\count317
\c@pgf@countb=\count318
\c@pgf@countc=\count319
\c@pgf@countd=\count320
\t@pgf@toka=\toks35
\t@pgf@tokb=\toks36
\t@pgf@tokc=\toks37
\pgf@sys@id@count=\count321

(/usr/local/texlive/2025basic/texmf-dist/tex/generic/pgf/systemlayer/pgf.cfg
File: pgf.cfg 2023-01-15 v3.1.10 (3.1.10)
)
Driver file for pgf: pgfsys-pdftex.def

(/usr/local/texlive/2025basic/texmf-dist/tex/generic/pgf/systemlayer/pgfsys-pdf
tex.def
File: pgfsys-pdftex.def 2023-01-15 v3.1.10 (3.1.10)

(/usr/local/texlive/2025basic/texmf-dist/tex/generic/pgf/systemlayer/pgfsys-com
mon-pdf.def
File: pgfsys-common-pdf.def 2023-01-15 v3.1.10 (3.1.10)
)))
(/usr/local/texlive/2025basic/texmf-dist/tex/generic/pgf/systemlayer/pgfsyssoft
path.code.tex
File: pgfsyssoftpath.code.tex 2023-01-15 v3.1.10 (3.1.10)
\pgfsyssoftpath@smallbuffer@items=\count322
\pgfsyssoftpath@bigbuffer@items=\count323
)
(/usr/local/texlive/2025basic/texmf-dist/tex/generic/pgf/systemlayer/pgfsysprot
ocol.code.tex
File: pgfsysprotocol.code.tex 2023-01-15 v3.1.10 (3.1.10)
))
(/usr/local/texlive/2025basic/texmf-dist/tex/generic/pgf/basiclayer/pgfcore.cod
e.tex
Package: pgfcore 2023-01-15 v3.1.10 (3.1.10)

(/usr/local/texlive/2025basic/texmf-dist/tex/generic/pgf/math/pgfmath.code.tex
(/usr/local/texlive/2025basic/texmf-dist/tex/generic/pgf/math/pgfmathutil.code.
tex)
(/usr/local/texlive/2025basic/texmf-dist/tex/generic/pgf/math/pgfmathparser.cod
e.tex
\pgfmath@dimen=\dimen259
\pgfmath@count=\count324
\pgfmath@box=\box65
\pgfmath@toks=\toks38
\pgfmath@stack@operand=\toks39
\pgfmath@stack@operation=\toks40
)
(/usr/local/texlive/2025basic/texmf-dist/tex/generic/pgf/math/pgfmathfunctions.
code.tex)
(/usr/local/texlive/2025basic/texmf-dist/tex/generic/pgf/math/pgfmathfunctions.
basic.code.tex)
(/usr/local/texlive/2025basic/texmf-dist/tex/generic/pgf/math/pgfmathfunctions.
trigonometric.code.tex)
(/usr/local/texlive/2025basic/texmf-dist/tex/generic/pgf/math/pgfmathfunctions.
random.code.tex)
(/usr/local/texlive/2025basic/texmf-dist/tex/generic/pgf/math/pgfmathfunctions.
comparison.code.tex)
(/usr/local/texlive/2025basic/texmf-dist/tex/generic/pgf/math/pgfmathfunctions.
base.code.tex)
(/usr/local/texlive/2025basic/texmf-dist/tex/generic/pgf/math/pgfmathfunctions.
round.code.tex)
(/usr/local/texlive/2025basic/texmf-dist/tex/generic/pgf/math/pgfmathfunctions.
misc.code.tex)
(/usr/local/texlive/2025basic/texmf-dist/tex/generic/pgf/math/pgfmathfunctions.
integerarithmetics.code.tex)
(/usr/local/texlive/2025basic/texmf-dist/tex/generic/pgf/math/pgfmathcalc.code.
tex)
(/usr/local/texlive/2025basic/texmf-dist/tex/generic/pgf/math/pgfmathfloat.code
.tex
\c@pgfmathroundto@lastzeros=\count325
))
(/usr/local/texlive/2025basic/texmf-dist/tex/generic/pgf/math/pgfint.code.tex)
(/usr/local/texlive/2025basic/texmf-dist/tex/generic/pgf/basiclayer/pgfcorepoin
ts.code.tex
File: pgfcorepoints.code.tex 2023-01-15 v3.1.10 (3.1.10)
\pgf@picminx=\dimen260
\pgf@picmaxx=\dimen261
\pgf@picminy=\dimen262
\pgf@picmaxy=\dimen263
\pgf@pathminx=\dimen264
\pgf@pathmaxx=\dimen265
\pgf@pathminy=\dimen266
\pgf@pathmaxy=\dimen267
\pgf@xx=\dimen268
\pgf@xy=\dimen269
\pgf@yx=\dimen270
\pgf@yy=\dimen271
\pgf@zx=\dimen272
\pgf@zy=\dimen273
)
(/usr/local/texlive/2025basic/texmf-dist/tex/generic/pgf/basiclayer/pgfcorepath
construct.code.tex
File: pgfcorepathconstruct.code.tex 2023-01-15 v3.1.10 (3.1.10)
\pgf@path@lastx=\dimen274
\pgf@path@lasty=\dimen275
)
(/usr/local/texlive/2025basic/texmf-dist/tex/generic/pgf/basiclayer/pgfcorepath
usage.code.tex
File: pgfcorepathusage.code.tex 2023-01-15 v3.1.10 (3.1.10)
\pgf@shorten@end@additional=\dimen276
\pgf@shorten@start@additional=\dimen277
)
(/usr/local/texlive/2025basic/texmf-dist/tex/generic/pgf/basiclayer/pgfcorescop
es.code.tex
File: pgfcorescopes.code.tex 2023-01-15 v3.1.10 (3.1.10)
\pgfpic=\box66
\pgf@hbox=\box67
\pgf@layerbox@main=\box68
\pgf@picture@serial@count=\count326
)
(/usr/local/texlive/2025basic/texmf-dist/tex/generic/pgf/basiclayer/pgfcoregrap
hicstate.code.tex
File: pgfcoregraphicstate.code.tex 2023-01-15 v3.1.10 (3.1.10)
\pgflinewidth=\dimen278
)
(/usr/local/texlive/2025basic/texmf-dist/tex/generic/pgf/basiclayer/pgfcoretran
sformations.code.tex
File: pgfcoretransformations.code.tex 2023-01-15 v3.1.10 (3.1.10)
\pgf@pt@x=\dimen279
\pgf@pt@y=\dimen280
\pgf@pt@temp=\dimen281
)
(/usr/local/texlive/2025basic/texmf-dist/tex/generic/pgf/basiclayer/pgfcorequic
k.code.tex
File: pgfcorequick.code.tex 2023-01-15 v3.1.10 (3.1.10)
)
(/usr/local/texlive/2025basic/texmf-dist/tex/generic/pgf/basiclayer/pgfcoreobje
cts.code.tex
File: pgfcoreobjects.code.tex 2023-01-15 v3.1.10 (3.1.10)
)
(/usr/local/texlive/2025basic/texmf-dist/tex/generic/pgf/basiclayer/pgfcorepath
processing.code.tex
File: pgfcorepathprocessing.code.tex 2023-01-15 v3.1.10 (3.1.10)
)
(/usr/local/texlive/2025basic/texmf-dist/tex/generic/pgf/basiclayer/pgfcorearro
ws.code.tex
File: pgfcorearrows.code.tex 2023-01-15 v3.1.10 (3.1.10)
\pgfarrowsep=\dimen282
)
(/usr/local/texlive/2025basic/texmf-dist/tex/generic/pgf/basiclayer/pgfcoreshad
e.code.tex
File: pgfcoreshade.code.tex 2023-01-15 v3.1.10 (3.1.10)
\pgf@max=\dimen283
\pgf@sys@shading@range@num=\count327
\pgf@shadingcount=\count328
)
(/usr/local/texlive/2025basic/texmf-dist/tex/generic/pgf/basiclayer/pgfcoreimag
e.code.tex
File: pgfcoreimage.code.tex 2023-01-15 v3.1.10 (3.1.10)
)
(/usr/local/texlive/2025basic/texmf-dist/tex/generic/pgf/basiclayer/pgfcoreexte
rnal.code.tex
File: pgfcoreexternal.code.tex 2023-01-15 v3.1.10 (3.1.10)
\pgfexternal@startupbox=\box69
)
(/usr/local/texlive/2025basic/texmf-dist/tex/generic/pgf/basiclayer/pgfcorelaye
rs.code.tex
File: pgfcorelayers.code.tex 2023-01-15 v3.1.10 (3.1.10)
)
(/usr/local/texlive/2025basic/texmf-dist/tex/generic/pgf/basiclayer/pgfcoretran
sparency.code.tex
File: pgfcoretransparency.code.tex 2023-01-15 v3.1.10 (3.1.10)
)
(/usr/local/texlive/2025basic/texmf-dist/tex/generic/pgf/basiclayer/pgfcorepatt
erns.code.tex
File: pgfcorepatterns.code.tex 2023-01-15 v3.1.10 (3.1.10)
)
(/usr/local/texlive/2025basic/texmf-dist/tex/generic/pgf/basiclayer/pgfcorerdf.
code.tex
File: pgfcorerdf.code.tex 2023-01-15 v3.1.10 (3.1.10)
)))
(/usr/local/texlive/2025basic/texmf-dist/tex/generic/pgf/modules/pgfmoduleshape
s.code.tex
File: pgfmoduleshapes.code.tex 2023-01-15 v3.1.10 (3.1.10)
\pgfnodeparttextbox=\box70
)
(/usr/local/texlive/2025basic/texmf-dist/tex/generic/pgf/modules/pgfmoduleplot.
code.tex
File: pgfmoduleplot.code.tex 2023-01-15 v3.1.10 (3.1.10)
)
(/usr/local/texlive/2025basic/texmf-dist/tex/latex/pgf/compatibility/pgfcomp-ve
rsion-0-65.sty
Package: pgfcomp-version-0-65 2023-01-15 v3.1.10 (3.1.10)
\pgf@nodesepstart=\dimen284
\pgf@nodesepend=\dimen285
)
(/usr/local/texlive/2025basic/texmf-dist/tex/latex/pgf/compatibility/pgfcomp-ve
rsion-1-18.sty
Package: pgfcomp-version-1-18 2023-01-15 v3.1.10 (3.1.10)
))
(/usr/local/texlive/2025basic/texmf-dist/tex/latex/pgf/utilities/pgffor.sty
(/usr/local/texlive/2025basic/texmf-dist/tex/latex/pgf/utilities/pgfkeys.sty
(/usr/local/texlive/2025basic/texmf-dist/tex/generic/pgf/utilities/pgfkeys.code
.tex)) (/usr/local/texlive/2025basic/texmf-dist/tex/latex/pgf/math/pgfmath.sty
(/usr/local/texlive/2025basic/texmf-dist/tex/generic/pgf/math/pgfmath.code.tex)
)
(/usr/local/texlive/2025basic/texmf-dist/tex/generic/pgf/utilities/pgffor.code.
tex
Package: pgffor 2023-01-15 v3.1.10 (3.1.10)
\pgffor@iter=\dimen286
\pgffor@skip=\dimen287
\pgffor@stack=\toks41
\pgffor@toks=\toks42
))
(/usr/local/texlive/2025basic/texmf-dist/tex/generic/pgf/frontendlayer/tikz/tik
z.code.tex
Package: tikz 2023-01-15 v3.1.10 (3.1.10)

(/usr/local/texlive/2025basic/texmf-dist/tex/generic/pgf/libraries/pgflibrarypl
othandlers.code.tex
File: pgflibraryplothandlers.code.tex 2023-01-15 v3.1.10 (3.1.10)
\pgf@plot@mark@count=\count329
\pgfplotmarksize=\dimen288
)
\tikz@lastx=\dimen289
\tikz@lasty=\dimen290
\tikz@lastxsaved=\dimen291
\tikz@lastysaved=\dimen292
\tikz@lastmovetox=\dimen293
\tikz@lastmovetoy=\dimen294
\tikzleveldistance=\dimen295
\tikzsiblingdistance=\dimen296
\tikz@figbox=\box71
\tikz@figbox@bg=\box72
\tikz@tempbox=\box73
\tikz@tempbox@bg=\box74
\tikztreelevel=\count330
\tikznumberofchildren=\count331
\tikznumberofcurrentchild=\count332
\tikz@fig@count=\count333

(/usr/local/texlive/2025basic/texmf-dist/tex/generic/pgf/modules/pgfmodulematri
x.code.tex
File: pgfmodulematrix.code.tex 2023-01-15 v3.1.10 (3.1.10)
\pgfmatrixcurrentrow=\count334
\pgfmatrixcurrentcolumn=\count335
\pgf@matrix@numberofcolumns=\count336
)
\tikz@expandcount=\count337

(/usr/local/texlive/2025basic/texmf-dist/tex/generic/pgf/frontendlayer/tikz/lib
raries/tikzlibrarytopaths.code.tex
File: tikzlibrarytopaths.code.tex 2023-01-15 v3.1.10 (3.1.10)
)))
(/usr/local/texlive/2025basic/texmf-dist/tex/generic/pgf/frontendlayer/tikz/lib
raries/tikzlibrarytrees.code.tex
File: tikzlibrarytrees.code.tex 2023-01-15 v3.1.10 (3.1.10)
)
(/usr/local/texlive/2025basic/texmf-dist/tex/generic/pgf/libraries/pgflibraryar
rows.meta.code.tex
File: pgflibraryarrows.meta.code.tex 2023-01-15 v3.1.10 (3.1.10)
\pgfarrowinset=\dimen297
\pgfarrowlength=\dimen298
\pgfarrowwidth=\dimen299
\pgfarrowlinewidth=\dimen300
)
(/usr/local/texlive/2025basic/texmf-dist/tex/generic/pgf/frontendlayer/tikz/lib
raries/tikzlibrarypositioning.code.tex
File: tikzlibrarypositioning.code.tex 2023-01-15 v3.1.10 (3.1.10)
)
(/usr/local/texlive/2025basic/texmf-dist/tex/generic/pgf/frontendlayer/tikz/lib
raries/tikzlibraryshapes.geometric.code.tex
File: tikzlibraryshapes.geometric.code.tex 2023-01-15 v3.1.10 (3.1.10)

(/usr/local/texlive/2025basic/texmf-dist/tex/generic/pgf/libraries/shapes/pgfli
braryshapes.geometric.code.tex
File: pgflibraryshapes.geometric.code.tex 2023-01-15 v3.1.10 (3.1.10)
))
(/usr/local/texlive/2025basic/texmf-dist/tex/latex/forest/forest.sty
Package: forest 2017/07/14 v2.1.5 Drawing (linguistic) trees

(/usr/local/texlive/2025basic/texmf-dist/tex/generic/pgf/frontendlayer/tikz/lib
raries/tikzlibraryshapes.code.tex
File: tikzlibraryshapes.code.tex 2023-01-15 v3.1.10 (3.1.10)

(/usr/local/texlive/2025basic/texmf-dist/tex/generic/pgf/frontendlayer/tikz/lib
raries/tikzlibraryshapes.misc.code.tex
File: tikzlibraryshapes.misc.code.tex 2023-01-15 v3.1.10 (3.1.10)

(/usr/local/texlive/2025basic/texmf-dist/tex/generic/pgf/libraries/shapes/pgfli
braryshapes.misc.code.tex
File: pgflibraryshapes.misc.code.tex 2023-01-15 v3.1.10 (3.1.10)
))
(/usr/local/texlive/2025basic/texmf-dist/tex/generic/pgf/frontendlayer/tikz/lib
raries/tikzlibraryshapes.symbols.code.tex
File: tikzlibraryshapes.symbols.code.tex 2023-01-15 v3.1.10 (3.1.10)

(/usr/local/texlive/2025basic/texmf-dist/tex/generic/pgf/libraries/shapes/pgfli
braryshapes.symbols.code.tex
File: pgflibraryshapes.symbols.code.tex 2023-01-15 v3.1.10 (3.1.10)
))
(/usr/local/texlive/2025basic/texmf-dist/tex/generic/pgf/frontendlayer/tikz/lib
raries/tikzlibraryshapes.arrows.code.tex
File: tikzlibraryshapes.arrows.code.tex 2023-01-15 v3.1.10 (3.1.10)

(/usr/local/texlive/2025basic/texmf-dist/tex/generic/pgf/libraries/shapes/pgfli
braryshapes.arrows.code.tex
File: pgflibraryshapes.arrows.code.tex 2023-01-15 v3.1.10 (3.1.10)
))
(/usr/local/texlive/2025basic/texmf-dist/tex/generic/pgf/frontendlayer/tikz/lib
raries/tikzlibraryshapes.callouts.code.tex
(/usr/local/texlive/2025basic/texmf-dist/tex/generic/pgf/libraries/shapes/pgfli
braryshapes.callouts.code.tex))
(/usr/local/texlive/2025basic/texmf-dist/tex/generic/pgf/frontendlayer/tikz/lib
raries/tikzlibraryshapes.multipart.code.tex
File: tikzlibraryshapes.multipart.code.tex 2023-01-15 v3.1.10 (3.1.10)

(/usr/local/texlive/2025basic/texmf-dist/tex/generic/pgf/libraries/shapes/pgfli
braryshapes.multipart.code.tex
File: pgflibraryshapes.multipart.code.tex 2023-01-15 v3.1.10 (3.1.10)
\pgfnodepartlowerbox=\box75
\pgfnodeparttwobox=\box76
\pgfnodepartthreebox=\box77
\pgfnodepartfourbox=\box78
\pgfnodeparttwentybox=\box79
\pgfnodepartnineteenbox=\box80
\pgfnodeparteighteenbox=\box81
\pgfnodepartseventeenbox=\box82
\pgfnodepartsixteenbox=\box83
\pgfnodepartfifteenbox=\box84
\pgfnodepartfourteenbox=\box85
\pgfnodepartthirteenbox=\box86
\pgfnodeparttwelvebox=\box87
\pgfnodepartelevenbox=\box88
\pgfnodeparttenbox=\box89
\pgfnodepartninebox=\box90
\pgfnodeparteightbox=\box91
\pgfnodepartsevenbox=\box92
\pgfnodepartsixbox=\box93
\pgfnodepartfivebox=\box94
)))
(/usr/local/texlive/2025basic/texmf-dist/tex/generic/pgf/frontendlayer/tikz/lib
raries/tikzlibraryfit.code.tex
File: tikzlibraryfit.code.tex 2023-01-15 v3.1.10 (3.1.10)
)
(/usr/local/texlive/2025basic/texmf-dist/tex/generic/pgf/frontendlayer/tikz/lib
raries/tikzlibrarycalc.code.tex
File: tikzlibrarycalc.code.tex 2023-01-15 v3.1.10 (3.1.10)
)
(/usr/local/texlive/2025basic/texmf-dist/tex/generic/pgf/libraries/pgflibraryin
tersections.code.tex
(/usr/local/texlive/2025basic/texmf-dist/tex/generic/pgf/libraries/pgflibraryfp
u.code.tex)
\pgf@intersect@solutions=\count338
)
(/usr/local/texlive/2025basic/texmf-dist/tex/latex/pgfopts/pgfopts.sty
Package: pgfopts 2014/07/10 v2.1a LaTeX package options with pgfkeys
\pgfopts@list@add@a@toks=\toks43
\pgfopts@list@add@b@toks=\toks44
)
(/usr/local/texlive/2025basic/texmf-dist/tex/latex/elocalloc/elocalloc.sty
Package: elocalloc 2016/12/15 v0.03 local allocation for LaTeX 2015+ (DPC)
)
(/usr/local/texlive/2025basic/texmf-dist/tex/latex/environ/environ.sty
Package: environ 2014/05/04 v0.3 A new way to define environments

(/usr/local/texlive/2025basic/texmf-dist/tex/latex/trimspaces/trimspaces.sty
Package: trimspaces 2009/09/17 v1.1 Trim spaces around a token list
))
(/usr/local/texlive/2025basic/texmf-dist/tex/latex/l3packages/xparse/xparse.sty
(/usr/local/texlive/2025basic/texmf-dist/tex/latex/l3kernel/expl3.sty
Package: expl3 2025-01-18 L3 programming layer (loader) 

(/usr/local/texlive/2025basic/texmf-dist/tex/latex/l3backend/l3backend-pdftex.d
ef
File: l3backend-pdftex.def 2024-05-08 L3 backend support: PDF output (pdfTeX)
\l__color_backend_stack_int=\count339
\l__pdf_internal_box=\box95
))
Package: xparse 2024-08-16 L3 Experimental document command parser
)
(/usr/local/texlive/2025basic/texmf-dist/tex/latex/inlinedef/inlinedef.sty
Package: inlinedef 2008/07/10 v1.0 Inlined expansions within definitions
\ID@toks=\toks45
\ID@count=\count340
)
\ID@usercommands=\toks46
\safeloop@depth=\count341
\safeRKloop@depth=\count342
\forest@temp@dimen=\dimen301
\forest@temp@count=\count343
\forest@n=\count344
\forest@temp@global@count=\count345
\forest@temp@toks=\toks47
\forest@temparray@M=\count346
\forest@temparray@N=\count347
\forest@global@temparray@M=\count348
\forest@global@temparray@N=\count349
\forest@isnum@count=\count350
\forest@isdim@nonintpart=\count351
\forest@isdim@dimen=\dimen302
\forest@sort@m=\count352
\forest@sort@k=\count353
\forest@sort@p=\count354
\bracket@content=\toks48
\bracket@afterthought=\toks49
\forest@node@maxid=\count355
\forest@process@left@M=\count356
\forest@process@left@N=\count357
\forest@process@right@M=\count358
\forest@process@right@N=\count359
\forest@process@saved@M=\count360
\forest@process@saved@N=\count361
\forest@process@result@M=\count362
\forest@process@result@N=\count363
\forest@process@n=\count364
\forest@nodewalk@branch@toks=\toks50
\forest@nodewalk@shortsteps@resolution=\toks51
\forest@do@dynamics=\toks52
\forest@box=\box96
\forest@xg=\dimen303
\forest@yg=\dimen304
\forest@xs=\dimen305
\forest@ys=\dimen306
\forest@pi@toks=\toks53
\forest@segment@toks=\toks54
\forest@PIi@toks=\toks55
\forest@PIii@toks=\toks56
\forest@copy@in=\read3
\forest@copy@out=\write4
\forest@externalize@max@outer@n=\count365
\forest@externalize@inner@n=\count366
)
(/usr/local/texlive/2025basic/texmf-dist/tex/latex/fancyvrb/fancyvrb.sty
Package: fancyvrb 2024/01/20 4.5c verbatim text (tvz,hv)
\FV@CodeLineNo=\count367
\FV@InFile=\read4
\FV@TabBox=\box97
\c@FancyVerbLine=\count368
\FV@StepNumber=\count369
\FV@OutFile=\write5
)
(/usr/local/texlive/2025basic/texmf-dist/tex/latex/tcolorbox/tcolorbox.sty
Package: tcolorbox 2025/11/28 version 6.9.0 text color boxes

(/usr/local/texlive/2025basic/texmf-dist/tex/latex/tools/verbatim.sty
Package: verbatim 2024-01-22 v1.5x LaTeX2e package for verbatim enhancements
\every@verbatim=\toks57
\verbatim@line=\toks58
\verbatim@in@stream=\read5
)
\tcb@titlebox=\box98
\tcb@upperbox=\box99
\tcb@lowerbox=\box100
\tcb@phantombox=\box101
\c@tcbbreakpart=\count370
\c@tcblayer=\count371
\c@tcolorbox@number=\count372
\l__tcobox_tmpa_box=\box102
\l__tcobox_tmpa_dim=\dimen307

! Undefined control sequence.
l.76 \NewStructureName
                      {tcb/box}
? 

! LaTeX Error: Missing \begin{document}.

See the LaTeX manual or LaTeX Companion for explanation.
Type  H <return>  for immediate help.
 ...                                              
                                                  
l.76 \NewStructureName{t
                        cb/box}
? 
! Undefined control sequence.
l.77 \AssignStructureRole
                         {tcb/box}{Sect}
? 
! Undefined control sequence.
l.79 \NewTaggingSocket
                      {tcb/box/begin}{0}
? 

! LaTeX Error: Missing \begin{document}.

See the LaTeX manual or LaTeX Companion for explanation.
Type  H <return>  for immediate help.
 ...                                              
                                                  
l.79 \NewTaggingSocket{t
                        cb/box/begin}{0}
? 
! Undefined control sequence.
l.80 \NewTaggingSocketPlug
                          {tcb/box/begin}{default}
? 
! Undefined control sequence.
l.81   {\par\tagstructbegin
                           {tag=\UseStructureName{tcb/box}}}
? 

! LaTeX Error: Missing \begin{document}.

See the LaTeX manual or LaTeX Companion for explanation.
Type  H <return>  for immediate help.
 ...                                              
                                                  
l.81   {\par\tagstructbegin{t
                             ag=\UseStructureName{tcb/box}}}
? 
! Undefined control sequence.
l.81   {\par\tagstructbegin{tag=\UseStructureName
                                                 {tcb/box}}}
? 
! Undefined control sequence.
l.82 \AssignTaggingSocketPlug
                             {tcb/box/begin}{default}
? 
! Undefined control sequence.
l.84 \NewTaggingSocket
                      {tcb/box/end}{0}
? 

! LaTeX Error: Missing \begin{document}.

See the LaTeX manual or LaTeX Companion for explanation.
Type  H <return>  for immediate help.
 ...                                              
                                                  
l.84 \NewTaggingSocket{t
                        cb/box/end}{0}
? 
! Undefined control sequence.
l.85 \NewTaggingSocketPlug
                          {tcb/box/end}{default}
? 
! Undefined control sequence.
l.86   {\par\tagstructend
                         }
? 
! Undefined control sequence.
l.87 \AssignTaggingSocketPlug
                             {tcb/box/end}{default}
? 

! LaTeX Error: Missing \begin{document}.

See the LaTeX manual or LaTeX Companion for explanation.
Type  H <return>  for immediate help.
 ...                                              
                                                  
l.87 \AssignTaggingSocketPlug{t
                               cb/box/end}{default}
? 
! Undefined control sequence.
l.89 \NewStructureName
                      {tcb/box/title}
? 

! LaTeX Error: Missing \begin{document}.

See the LaTeX manual or LaTeX Companion for explanation.
Type  H <return>  for immediate help.
 ...                                              
                                                  
l.89 \NewStructureName{t
                        cb/box/title}
? 
! Undefined control sequence.
l.90 \AssignStructureRole
                         {tcb/box/title}{Caption}
? 
! Undefined control sequence.
l.92 \NewTaggingSocket
                      {tcb/box/title}{0}
? 

! LaTeX Error: Missing \begin{document}.

See the LaTeX manual or LaTeX Companion for explanation.
Type  H <return>  for immediate help.
 ...                                              
                                                  
l.92 \NewTaggingSocket{t
                        cb/box/title}{0}
? 
! Undefined control sequence.
l.93 \NewTaggingSocketPlug
                          {tcb/box/title}{default}
? 
! Undefined control sequence.
l.94   {\AssignStructureRole
                            {para/semantic}{\UseStructureName{tcb/box/title}}}
? 
! Undefined control sequence.
l.94 ...ctureRole{para/semantic}{\UseStructureName
                                                  {tcb/box/title}}}
? 
! Undefined control sequence.
l.95 \AssignTaggingSocketPlug
                             {tcb/box/title}{default}
? 

Overfull \hbox (12.76355pt too wide) in paragraph at lines 92--96
[]\T1/cmr/m/n/10.95 tcb/box/title0 tcb/box/ti-tlede-fault para/se-man-tictcb/bo
x/ti-tle tcb/box/ti-
 []

! Undefined control sequence.
l.97 \NewTaggingSocket
                      {tcb/box/draw}{2}
? 

! LaTeX Error: Missing \begin{document}.

See the LaTeX manual or LaTeX Companion for explanation.
Type  H <return>  for immediate help.
 ...                                              
                                                  
l.97 \NewTaggingSocket{t
                        cb/box/draw}{2}
? 
! Undefined control sequence.
l.98 \NewTaggingSocketPlug
                          {tcb/box/draw}{default}
? 
! Undefined control sequence.
l.99   {\tagpdfparaOff
                      #2\par}
? 
! You can't use `macro parameter character #' in horizontal mode.
l.99   {\tagpdfparaOff#
                       2\par}
? 
! Undefined control sequence.
l.100 \AssignTaggingSocketPlug
                              {tcb/box/draw}{default}
? 

! LaTeX Error: Missing \begin{document}.

See the LaTeX manual or LaTeX Companion for explanation.
Type  H <return>  for immediate help.
 ...                                              
                                                  
l.100 \AssignTaggingSocketPlug{t
                                cb/box/draw}{default}
? 
! Undefined control sequence.
l.102 \NewTaggingSocket
                       {tcb/box/init}{0}
? 

! LaTeX Error: Missing \begin{document}.

See the LaTeX manual or LaTeX Companion for explanation.
Type  H <return>  for immediate help.
 ...                                              
                                                  
l.102 \NewTaggingSocket{t
                         cb/box/init}{0}
? 
! Undefined control sequence.
l.103 \NewTaggingSocketPlug
                           {tcb/box/init}{default}
? 
! Undefined control sequence.
l.104    {\AssignTaggingSocketPlug
                                  {minipage/before}{noop}%
? 
! Undefined control sequence.
l.105     \AssignTaggingSocketPlug
                                  {minipage/after}{noop}}
? 
! Undefined control sequence.
l.106 \AssignTaggingSocketPlug
                              {tcb/box/init}{default}
? 
! Undefined control sequence.
l.110 \NewTaggingSocket
                       {tcb/box/upper}{0}
? 

! LaTeX Error: Missing \begin{document}.

See the LaTeX manual or LaTeX Companion for explanation.
Type  H <return>  for immediate help.
 ...                                              
                                                  
l.110 \NewTaggingSocket{t
                         cb/box/upper}{0}
? 
! Undefined control sequence.
l.111 \NewTaggingSocketPlug
                           {tcb/box/upper}{default}
? 
! Undefined control sequence.
l.112   {\AssignTaggingSocketPlug
                                 {minipage/before}{tag/dflt}%
? 
! Undefined control sequence.
l.113    \AssignTaggingSocketPlug
                                 {minipage/after}{tag/dflt}}
? 
! Undefined control sequence.
l.114 \AssignTaggingSocketPlug
                              {tcb/box/upper}{default}
? 

Overfull \hbox (56.84781pt too wide) in paragraph at lines 110--115
[]\T1/cmr/m/n/10.95 tcb/box/upper0 tcb/box/up-perde-fault mini-page/be-fore-tag
/d-flt-mini-page/aftertag/d-
 []

! Undefined control sequence.
l.116 \NewTaggingSocket
                       {tcb/box/lower}{0}
? 

! LaTeX Error: Missing \begin{document}.

See the LaTeX manual or LaTeX Companion for explanation.
Type  H <return>  for immediate help.
 ...                                              
                                                  
l.116 \NewTaggingSocket{t
                         cb/box/lower}{0}
? 
! Undefined control sequence.
l.117 \NewTaggingSocketPlug
                           {tcb/box/lower}{default}
? 
! Undefined control sequence.
l.118   {\AssignTaggingSocketPlug
                                 {minipage/before}{tag/dflt}%
? 
! Undefined control sequence.
l.119    \AssignTaggingSocketPlug
                                 {minipage/after}{tag/dflt}}
? 
! Undefined control sequence.
l.120 \AssignTaggingSocketPlug
                              {tcb/box/lower}{default}
? 

Overfull \hbox (51.40768pt too wide) in paragraph at lines 116--121
[]\T1/cmr/m/n/10.95 tcb/box/lower0 tcb/box/low-erde-fault mini-page/be-fore-tag
/d-flt-mini-page/aftertag/d-
 []

! Undefined control sequence.
l.123 \NewTaggingSocket
                       {tcb/drawing/init}{0}
? 

! LaTeX Error: Missing \begin{document}.

See the LaTeX manual or LaTeX Companion for explanation.
Type  H <return>  for immediate help.
 ...                                              
                                                  
l.123 \NewTaggingSocket{t
                         cb/drawing/init}{0}
? 
! Undefined control sequence.
l.124 \NewTaggingSocketPlug
                           {tcb/drawing/init}{default}
? 
! Undefined control sequence.
<argument> \tcb@tikz@option@hook 
                                 
l.125 ...t_left:Nn\tcb@tikz@option@hook{artifact,}
                                                  }
? 
! Undefined control sequence.
l.126 \AssignTaggingSocketPlug
                              {tcb/drawing/init}{default}
? 
\tcb@temp=\box103
\tcb@temp=\box104
\tcb@temp=\box105
\tcb@temp=\box106
)
(/usr/local/texlive/2025basic/texmf-dist/tex/latex/tcolorbox/tcblistings.code.t
ex
Library (tcolorbox): 'tcblistings.code.tex' version '6.9.0'

(/usr/local/texlive/2025basic/texmf-dist/tex/latex/tcolorbox/tcblistingscore.co
de.tex
Library (tcolorbox): 'tcblistingscore.code.tex' version '6.9.0'

(/usr/local/texlive/2025basic/texmf-dist/tex/latex/tcolorbox/tcbprocessing.code
.tex
Library (tcolorbox): 'tcbprocessing.code.tex' version '6.9.0'
)
\c@tcblisting=\count373
))
(/usr/local/texlive/2025basic/texmf-dist/tex/latex/tcolorbox/tcbskins.code.tex
Library (tcolorbox): 'tcbskins.code.tex' version '6.9.0'
(/usr/local/texlive/2025basic/texmf-dist/tex/latex/tikzfill/tikzfill.image.sty
Package: tikzfill.image 2023/08/08 v1.0.1 Image filling library for TikZ

(/usr/local/texlive/2025basic/texmf-dist/tex/latex/tikzfill/tikzfill-common.sty
Package: tikzfill-common 2023/08/08 v1.0.1 Auxiliary code for tikzfill
)
(/usr/local/texlive/2025basic/texmf-dist/tex/latex/tikzfill/tikzlibraryfill.ima
ge.code.tex
File: tikzlibraryfill.image.code.tex 2023/08/08 v1.0.1 Image filling library
\l__tikzfill_img_box=\box107
))
(/usr/local/texlive/2025basic/texmf-dist/tex/latex/tcolorbox/tcbskinsjigsaw.cod
e.tex
Library (tcolorbox): 'tcbskinsjigsaw.code.tex' version '6.9.0'
))
(/usr/local/texlive/2025basic/texmf-dist/tex/latex/tcolorbox/tcbbreakable.code.
tex
Library (tcolorbox): 'tcbbreakable.code.tex' version '6.9.0'
(/usr/local/texlive/2025basic/texmf-dist/tex/latex/pdfcol/pdfcol.sty
Package: pdfcol 2022-09-21 v1.7 Handle new color stacks for pdfTeX (HO)
)
Package pdfcol Info: New color stack `tcb@breakable' = 1 on input line 23.
\tcb@testbox=\box108
\tcb@totalupperbox=\box109
\tcb@totallowerbox=\box110
)
(/usr/local/texlive/2025basic/texmf-dist/tex/latex/float/float.sty
Package: float 2001/11/08 v1.3d Float enhancements (AL)
\c@float@type=\count374
\float@exts=\toks59
\float@box=\box111
\@float@everytoks=\toks60
\@floatcapt=\box112
)
(/usr/local/texlive/2025basic/texmf-dist/tex/latex/appendix/appendix.sty
Package: appendix 2020/02/08 v1.2c extra appendix facilities
\c@@pps=\count375
\c@@ppsavesec=\count376
\c@@ppsaveapp=\count377
)
(/usr/local/texlive/2025basic/texmf-dist/tex/latex/tools/multicol.sty
Package: multicol 2024/09/14 v1.9i multicolumn formatting (FMi)
\c@tracingmulticols=\count378
\mult@box=\box113
\multicol@leftmargin=\dimen308
\c@unbalance=\count379
\c@collectmore=\count380
\doublecol@number=\count381
\multicoltolerance=\count382
\multicolpretolerance=\count383
\full@width=\dimen309
\page@free=\dimen310
\premulticols=\dimen311
\postmulticols=\dimen312
\multicolsep=\skip62
\multicolbaselineskip=\skip63
\partial@page=\box114
\last@line=\box115
\mc@boxedresult=\box116
\maxbalancingoverflow=\dimen313
\mult@rightbox=\box117
\mult@grightbox=\box118
\mult@firstbox=\box119
\mult@gfirstbox=\box120
\@tempa=\box121
\@tempa=\box122
\@tempa=\box123
\@tempa=\box124
\@tempa=\box125
\@tempa=\box126
\@tempa=\box127
\@tempa=\box128
\@tempa=\box129
\@tempa=\box130
\@tempa=\box131
\@tempa=\box132
\@tempa=\box133
\@tempa=\box134
\@tempa=\box135
\@tempa=\box136
\@tempa=\box137
\@tempa=\box138
\@tempa=\box139
\@tempa=\box140
\@tempa=\box141
\@tempa=\box142
\@tempa=\box143
\@tempa=\box144
\@tempa=\box145
\@tempa=\box146
\@tempa=\box147
\@tempa=\box148
\@tempa=\box149
\@tempa=\box150
\@tempa=\box151
\@tempa=\box152
\@tempa=\box153
\@tempa=\box154
\@tempa=\box155
\@tempa=\box156
\c@minrows=\count384
\c@columnbadness=\count385
\c@finalcolumnbadness=\count386
\last@try=\dimen314
\multicolovershoot=\dimen315
\multicolundershoot=\dimen316
\mult@nat@firstbox=\box157
\colbreak@box=\box158
\mc@col@check@num=\count387
)
(/usr/local/texlive/2025basic/texmf-dist/tex/latex/parskip/parskip.sty
Package: parskip 2021-03-14 v2.0h non-zero parskip adjustments
)
(/usr/local/texlive/2025basic/texmf-dist/tex/latex/pdflscape/pdflscape.sty
Package: pdflscape 2022-10-27 v0.13 Display of landscape pages in PDF

(/usr/local/texlive/2025basic/texmf-dist/tex/latex/pdflscape/pdflscape-nometada
ta.sty
Package: pdflscape-nometadata 2022-10-28 v0.13 Display of landscape pages in PD
F (HO)
 (/usr/local/texlive/2025basic/texmf-dist/tex/latex/graphics/lscape.sty
Package: lscape 2020/05/28 v3.02 Landscape Pages (DPC)
)
Package pdflscape Info: Auto-detected driver: pdftex on input line 81.
)) (/usr/local/texlive/2025basic/texmf-dist/tex/latex/adjustbox/adjustbox.sty
Package: adjustbox 2025/02/26 v1.3c Adjusting TeX boxes (trim, clip, ...)

(/usr/local/texlive/2025basic/texmf-dist/tex/latex/xkeyval/xkeyval.sty
Package: xkeyval 2022/06/16 v2.9 package option processing (HA)

(/usr/local/texlive/2025basic/texmf-dist/tex/generic/xkeyval/xkeyval.tex
(/usr/local/texlive/2025basic/texmf-dist/tex/generic/xkeyval/xkvutils.tex
\XKV@toks=\toks61
\XKV@tempa@toks=\toks62
)
\XKV@depth=\count388
File: xkeyval.tex 2014/12/03 v2.7a key=value parser (HA)
))
(/usr/local/texlive/2025basic/texmf-dist/tex/latex/adjustbox/adjcalc.sty
Package: adjcalc 2012/05/16 v1.1 Provides advanced setlength with multiple back
-ends (calc, etex, pgfmath)
)
(/usr/local/texlive/2025basic/texmf-dist/tex/latex/adjustbox/trimclip.sty
Package: trimclip 2025/02/21 v1.2a Trim and clip general TeX material

(/usr/local/texlive/2025basic/texmf-dist/tex/latex/collectbox/collectbox.sty
Package: collectbox 2022/10/17 v0.4c Collect macro arguments as boxes
\collectedbox=\box159
)
\tc@llx=\dimen317
\tc@lly=\dimen318
\tc@urx=\dimen319
\tc@ury=\dimen320
Package trimclip Info: Using driver 'tc-pdftex.def'.

(/usr/local/texlive/2025basic/texmf-dist/tex/latex/adjustbox/tc-pdftex.def
File: tc-pdftex.def 2025/02/26 v2.3 Clipping driver for pdftex
))
\adjbox@Width=\dimen321
\adjbox@Height=\dimen322
\adjbox@Depth=\dimen323
\adjbox@Totalheight=\dimen324
\adjbox@pwidth=\dimen325
\adjbox@pheight=\dimen326
\adjbox@pdepth=\dimen327
\adjbox@ptotalheight=\dimen328

(/usr/local/texlive/2025basic/texmf-dist/tex/latex/ifoddpage/ifoddpage.sty
Package: ifoddpage 2022/10/18 v1.2 Conditionals for odd/even page detection
\c@checkoddpage=\count389
)
(/usr/local/texlive/2025basic/texmf-dist/tex/latex/varwidth/varwidth.sty
Package: varwidth 2009/03/30 ver 0.92;  Variable-width minipages
\@vwid@box=\box160
\sift@deathcycles=\count390
\@vwid@loff=\dimen329
\@vwid@roff=\dimen330
))
LaTeX Font Info:    Trying to load font information for T1+lmr on input line 15
8.

(/usr/local/texlive/2025basic/texmf-dist/tex/latex/lm/t1lmr.fd
File: t1lmr.fd 2015/05/01 v1.6.1 Font defs for Latin Modern
)
(./hipaa_formalization_guide_v2.aux)
\openout1 = `hipaa_formalization_guide_v2.aux'.

LaTeX Font Info:    Checking defaults for OML/cmm/m/it on input line 158.
LaTeX Font Info:    ... okay on input line 158.
LaTeX Font Info:    Checking defaults for OMS/cmsy/m/n on input line 158.
LaTeX Font Info:    ... okay on input line 158.
LaTeX Font Info:    Checking defaults for OT1/cmr/m/n on input line 158.
LaTeX Font Info:    ... okay on input line 158.
LaTeX Font Info:    Checking defaults for T1/cmr/m/n on input line 158.
LaTeX Font Info:    ... okay on input line 158.
LaTeX Font Info:    Checking defaults for TS1/cmr/m/n on input line 158.
LaTeX Font Info:    ... okay on input line 158.
LaTeX Font Info:    Checking defaults for OMX/cmex/m/n on input line 158.
LaTeX Font Info:    ... okay on input line 158.
LaTeX Font Info:    Checking defaults for U/cmr/m/n on input line 158.
LaTeX Font Info:    ... okay on input line 158.
LaTeX Font Info:    Checking defaults for PD1/pdf/m/n on input line 158.
LaTeX Font Info:    ... okay on input line 158.
LaTeX Font Info:    Checking defaults for PU/pdf/m/n on input line 158.
LaTeX Font Info:    ... okay on input line 158.

*geometry* driver: auto-detecting
*geometry* detected driver: pdftex
*geometry* verbose mode - [ preamble ] result:
* driver: pdftex
* paper: letterpaper
* layout: <same size as paper>
* layoutoffset:(h,v)=(0.0pt,0.0pt)
* modes: 
* h-part:(L,W,R)=(72.26999pt, 469.75502pt, 72.26999pt)
* v-part:(T,H,B)=(72.26999pt, 650.43001pt, 72.26999pt)
* \paperwidth=614.295pt
* \paperheight=794.96999pt
* \textwidth=469.75502pt
* \textheight=650.43001pt
* \oddsidemargin=0.0pt
* \evensidemargin=0.0pt
* \topmargin=-37.0pt
* \headheight=12.0pt
* \headsep=25.0pt
* \topskip=11.0pt
* \footskip=30.0pt
* \marginparwidth=59.0pt
* \marginparsep=10.0pt
* \columnsep=10.0pt
* \skip\footins=10.0pt plus 4.0pt minus 2.0pt
* \hoffset=0.0pt
* \voffset=0.0pt
* \mag=1000
* \@twocolumnfalse
* \@twosidefalse
* \@mparswitchfalse
* \@reversemarginfalse
* (1in=72.27pt=25.4mm, 1cm=28.453pt)

Package hyperref Info: Link coloring OFF on input line 158.
(./hipaa_formalization_guide_v2.out) (./hipaa_formalization_guide_v2.out)
\@outlinefile=\write6
\openout6 = `hipaa_formalization_guide_v2.out'.


(/usr/local/texlive/2025basic/texmf-dist/tex/context/base/mkii/supp-pdf.mkii
[Loading MPS to PDF converter (version 2006.09.02).]
\scratchcounter=\count391
\scratchdimen=\dimen331
\scratchbox=\box161
\nofMPsegments=\count392
\nofMParguments=\count393
\everyMPshowfont=\toks63
\MPscratchCnt=\count394
\MPscratchDim=\dimen332
\MPnumerator=\count395
\makeMPintoPDFobject=\count396
\everyMPtoPDFconversion=\toks64
)
(/usr/local/texlive/2025basic/texmf-dist/tex/latex/epstopdf-pkg/epstopdf-base.s
ty
Package: epstopdf-base 2020-01-24 v2.11 Base part for package epstopdf
Package epstopdf-base Info: Redefining graphics rule for `.eps' on input line 4
85.

(/usr/local/texlive/2025basic/texmf-dist/tex/latex/latexconfig/epstopdf-sys.cfg
File: epstopdf-sys.cfg 2010/07/13 v1.3 Configuration of (r)epstopdf for TeX Liv
e
))
\c@lstlisting=\count397


[1

{/usr/local/texlive/2025basic/texmf-var/fonts/map/pdftex/updmap/pdftex.map}{/us
r/local/texlive/2025basic/texmf-dist/fonts/enc/dvips/cm-super/cm-super-t1.enc}{
/usr/local/texlive/2025basic/texmf-dist/fonts/enc/dvips/lm/lm-ec.enc}]
LaTeX Font Info:    Trying to load font information for OT1+lmr on input line 1
61.

(/usr/local/texlive/2025basic/texmf-dist/tex/latex/lm/ot1lmr.fd
File: ot1lmr.fd 2015/05/01 v1.6.1 Font defs for Latin Modern
)
LaTeX Font Info:    Trying to load font information for OML+lmm on input line 1
61.

(/usr/local/texlive/2025basic/texmf-dist/tex/latex/lm/omllmm.fd
File: omllmm.fd 2015/05/01 v1.6.1 Font defs for Latin Modern
)
LaTeX Font Info:    Trying to load font information for OMS+lmsy on input line 
161.

(/usr/local/texlive/2025basic/texmf-dist/tex/latex/lm/omslmsy.fd
File: omslmsy.fd 2015/05/01 v1.6.1 Font defs for Latin Modern
)
LaTeX Font Info:    Trying to load font information for OMX+lmex on input line 
161.

(/usr/local/texlive/2025basic/texmf-dist/tex/latex/lm/omxlmex.fd
File: omxlmex.fd 2015/05/01 v1.6.1 Font defs for Latin Modern
)
LaTeX Font Info:    External font `lmex10' loaded for size
(Font)              <12> on input line 161.
LaTeX Font Info:    External font `lmex10' loaded for size
(Font)              <8> on input line 161.
LaTeX Font Info:    External font `lmex10' loaded for size
(Font)              <6> on input line 161.
LaTeX Font Info:    Trying to load font information for U+msa on input line 161
.

(/usr/local/texlive/2025basic/texmf-dist/tex/latex/amsfonts/umsa.fd
File: umsa.fd 2013/01/14 v3.01 AMS symbols A
)
LaTeX Font Info:    Trying to load font information for U+msb on input line 161
.

(/usr/local/texlive/2025basic/texmf-dist/tex/latex/amsfonts/umsb.fd
File: umsb.fd 2013/01/14 v3.01 AMS symbols B
)
(./hipaa_formalization_guide_v2.toc
LaTeX Font Info:    External font `lmex10' loaded for size
(Font)              <10.95> on input line 2.


[2]
LaTeX Font Info:    Trying to load font information for T1+lmtt on input line 3
9.
 (/usr/local/texlive/2025basic/texmf-dist/tex/latex/lm/t1lmtt.fd
File: t1lmtt.fd 2015/05/01 v1.6.1 Font defs for Latin Modern
)

[3]

[4]

[5])
\tf@toc=\write7
\openout7 = `hipaa_formalization_guide_v2.toc'.



[6]
LaTeX Font Info:    Trying to load font information for TS1+lmr on input line 1
79.
 (/usr/local/texlive/2025basic/texmf-dist/tex/latex/lm/ts1lmr.fd
File: ts1lmr.fd 2015/05/01 v1.6.1 Font defs for Latin Modern
)
(/usr/local/texlive/2025basic/texmf-dist/tex/latex/listings/lstlang1.sty
File: lstlang1.sty 2024/09/23 1.10c listings language file
)
(/usr/local/texlive/2025basic/texmf-dist/tex/latex/listings/lstlang1.sty
File: lstlang1.sty 2024/09/23 1.10c listings language file
)
LaTeX Font Info:    Font shape `T1/lmtt/bx/n' in size <10> not available
(Font)              Font shape `T1/lmtt/b/n' tried instead on input line 210.
LaTeX Font Info:    External font `lmex10' loaded for size
(Font)              <10> on input line 210.
LaTeX Font Info:    External font `lmex10' loaded for size
(Font)              <7> on input line 210.
LaTeX Font Info:    External font `lmex10' loaded for size
(Font)              <5> on input line 210.


[7{/usr/local/texlive/2025basic/texmf-dist/fonts/enc/dvips/lm/lm-ts1.enc}]
Package hyperref Info: bookmark level for unknown lstlisting defaults to 0 on i
nput line 251.
LaTeX Font Info:    External font `lmex10' loaded for size
(Font)              <9> on input line 252.


[8]

[9]
Underfull \hbox (badness 2818) in paragraph at lines 375--375
[]|\T1/lmr/m/n/10.95 Role hi-er-ar-chy (\T1/lmtt/m/n/10.95 role_isa\T1/lmr/m/n/
10.95 , \T1/lmtt/m/n/10.95 role_subtype\T1/lmr/m/n/10.95 ), at-tribute hi-er-ar
-chy
 []


Underfull \hbox (badness 7344) in paragraph at lines 375--375
\T1/lmr/m/n/10.95 (\T1/lmtt/m/n/10.95 attr_isa\T1/lmr/m/n/10.95 , \T1/lmtt/m/n/
10.95 attr_subtype\T1/lmr/m/n/10.95 ), pur-pose hi-er-ar-chy (\T1/lmtt/m/n/10.9
5 purpose_isa\T1/lmr/m/n/10.95 ,
 []


Underfull \hbox (badness 10000) in paragraph at lines 375--375
[]|\T1/lmr/m/n/10.95 Helper pred-i-cates trans-lat-ing the PDF's macros:
 []


Underfull \hbox (badness 10000) in paragraph at lines 375--375
\T1/lmtt/m/n/10.95 is_covered_entity\T1/lmr/m/n/10.95 , \T1/lmtt/m/n/10.95 is_p
hi\T1/lmr/m/n/10.95 , \T1/lmtt/m/n/10.95 is_for_tpo\T1/lmr/m/n/10.95 ,
 []


Underfull \hbox (badness 10000) in paragraph at lines 375--375
\T1/lmtt/m/n/10.95 is_personal_representative\T1/lmr/m/n/10.95 , or-a-cle pred-
i-cates
 []


Underfull \hbox (badness 10000) in paragraph at lines 375--375
[]|\T1/lmr/m/n/10.95 Top-level \T1/lmtt/m/n/10.95 is_disclosure_allowed\T1/lmr/
m/n/10.95 , de-nial track-ing
 []



[10]

[11
pdfTeX warning (ext4): destination with the same identifier (name{table.1}) has
 been already used, duplicate ignored
<argument> ...shipout:D \box_use:N \l_shipout_box 
                                                  \__shipout_drop_firstpage_...
l.401 \end{lstlisting}
                      ]
! You can't use `\relax' after \the.
<recently read> ...support/tcb/box/begin_args_int 
                                                  
l.414 A
       lthough Souffl\'{e} does not strictly require declaration order (it d...

? 
! You can't use `\relax' after \the.
<recently read> ...support/tcb/box/title_args_int 
                                                  
l.414 A
       lthough Souffl\'{e} does not strictly require declaration order (it d...

? 
! You can't use `\relax' after \the.
<recently read> ...support/tcb/box/upper_args_int 
                                                  
l.414 A
       lthough Souffl\'{e} does not strictly require declaration order (it d...

? 
! You can't use `\relax' after \the.
<recently read> ...gsupport/tcb/box/draw_args_int 
                                                  
l.415 \end{designbox}
                     
? 
! You can't use `\relax' after \the.
<recently read> ...port/tcb/drawing/init_args_int 
                                                  
l.415 \end{designbox}
                     
? 
! You can't use `\relax' after \the.
<recently read> ...agsupport/tcb/box/end_args_int 
                                                  
l.415 \end{designbox}
                     
? 


[12]

[13{/usr/local/texlive/2025basic/texmf-dist/fonts/enc/dvips/lm/lm-mathsy.enc}
pdfTeX warning (ext4): destination with the same identifier (name{figure.1}) ha
s been already used, duplicate ignored
<argument> ...shipout:D \box_use:N \l_shipout_box 
                                                  \__shipout_drop_firstpage_...
l.546 
      ]
LaTeX Font Info:    Font shape `T1/lmtt/bx/n' in size <9> not available
(Font)              Font shape `T1/lmtt/b/n' tried instead on input line 564.

Underfull \hbox (badness 10000) in paragraph at lines 587--588
[]\T1/lmr/m/n/10.95 The con-straint is used \T1/lmr/m/it/10.95 in-side \T1/lmr/
m/n/10.95 other rules (e.g., Ÿ 502(a)(1)(iii) re-quires
 []



[14
pdfTeX warning (ext4): destination with the same identifier (name{figure.2}) ha
s been already used, duplicate ignored
<argument> ...shipout:D \box_use:N \l_shipout_box 
                                                  \__shipout_drop_firstpage_...
l.588 \end{description}
                       {/usr/local/texlive/2025basic/texmf-dist/fonts/enc/dvips
/lm/lm-mathit.enc}{/usr/local/texlive/2025basic/texmf-dist/fonts/enc/dvips/lm/l
m-rm.enc}]
! You can't use `\relax' after \the.
<recently read> ...support/tcb/box/begin_args_int 
                                                  
l.591 D
       istinguishing these three categories is critical when reading the PDF...

? 
! You can't use `\relax' after \the.
<recently read> ...support/tcb/box/title_args_int 
                                                  
l.591 D
       istinguishing these three categories is critical when reading the PDF...

? 
! You can't use `\relax' after \the.
<recently read> ...support/tcb/box/upper_args_int 
                                                  
l.591 D
       istinguishing these three categories is critical when reading the PDF...

? 
! You can't use `\relax' after \the.
<recently read> ...gsupport/tcb/box/draw_args_int 
                                                  
l.592 \end{designbox}
                     
? 
! You can't use `\relax' after \the.
<recently read> ...port/tcb/drawing/init_args_int 
                                                  
l.592 \end{designbox}
                     
? 
! You can't use `\relax' after \the.
<recently read> ...agsupport/tcb/box/end_args_int 
                                                  
l.592 \end{designbox}
                     
? 


[15]
! You can't use `\relax' after \the.
<recently read> ...support/tcb/box/begin_args_int 
                                                  
l.666 C
       hoosing the right exception pattern depends on complexity. Single-con...

? 
! You can't use `\relax' after \the.
<recently read> ...support/tcb/box/title_args_int 
                                                  
l.666 C
       hoosing the right exception pattern depends on complexity. Single-con...

? 
! You can't use `\relax' after \the.
<recently read> ...support/tcb/box/upper_args_int 
                                                  
l.666 C
       hoosing the right exception pattern depends on complexity. Single-con...

? 
! You can't use `\relax' after \the.
<recently read> ...gsupport/tcb/box/draw_args_int 
                                                  
l.667 \end{designbox}
                     
? 
! You can't use `\relax' after \the.
<recently read> ...port/tcb/drawing/init_args_int 
                                                  
l.667 \end{designbox}
                     
? 
! You can't use `\relax' after \the.
<recently read> ...agsupport/tcb/box/end_args_int 
                                                  
l.667 \end{designbox}
                     
? 


[16]

[17]
! You can't use `\relax' after \the.
<recently read> ...support/tcb/box/begin_args_int 
                                                  
l.754 T
       he macros expand to \emph{variable names}, not fresh symbols. All rul...

? 
! You can't use `\relax' after \the.
<recently read> ...support/tcb/box/title_args_int 
                                                  
l.754 T
       he macros expand to \emph{variable names}, not fresh symbols. All rul...

? 
! You can't use `\relax' after \the.
<recently read> ...support/tcb/box/upper_args_int 
                                                  
l.754 T
       he macros expand to \emph{variable names}, not fresh symbols. All rul...

? 
! You can't use `\relax' after \the.
<recently read> ...gsupport/tcb/box/draw_args_int 
                                                  
l.755 \end{warningbox}
                      
? 
! You can't use `\relax' after \the.
<recently read> ...port/tcb/drawing/init_args_int 
                                                  
l.755 \end{warningbox}
                      
? 
! You can't use `\relax' after \the.
<recently read> ...agsupport/tcb/box/end_args_int 
                                                  
l.755 \end{warningbox}
                      
? 


[18]
! You can't use `\relax' after \the.
<recently read> ...support/tcb/box/begin_args_int 
                                                  
l.778 T
       his design means we never need to write rules of the form ``deny if c...

? 
! You can't use `\relax' after \the.
<recently read> ...support/tcb/box/title_args_int 
                                                  
l.778 T
       his design means we never need to write rules of the form ``deny if c...

? 
! You can't use `\relax' after \the.
<recently read> ...support/tcb/box/upper_args_int 
                                                  
l.778 T
       his design means we never need to write rules of the form ``deny if c...

? 
! You can't use `\relax' after \the.
<recently read> ...gsupport/tcb/box/draw_args_int 
                                                  
l.779 \end{designbox}
                     
? 
! You can't use `\relax' after \the.
<recently read> ...port/tcb/drawing/init_args_int 
                                                  
l.779 \end{designbox}
                     
? 
! You can't use `\relax' after \the.
<recently read> ...agsupport/tcb/box/end_args_int 
                                                  
l.779 \end{designbox}
                     
? 
! You can't use `\relax' after \the.
<recently read> ...support/tcb/box/begin_args_int 
                                                  
l.804 N
       egative stubs create a permissiveness tradeoff. Until \S 164.508 is f...

? 
! You can't use `\relax' after \the.
<recently read> ...support/tcb/box/title_args_int 
                                                  
l.804 N
       egative stubs create a permissiveness tradeoff. Until \S 164.508 is f...

? 
! You can't use `\relax' after \the.
<recently read> ...support/tcb/box/upper_args_int 
                                                  
l.804 N
       egative stubs create a permissiveness tradeoff. Until \S 164.508 is f...

? 
! You can't use `\relax' after \the.
<recently read> ...gsupport/tcb/box/draw_args_int 
                                                  
l.805 \end{warningbox}
                      
? 
! You can't use `\relax' after \the.
<recently read> ...port/tcb/drawing/init_args_int 
                                                  
l.805 \end{warningbox}
                      
? 
! You can't use `\relax' after \the.
<recently read> ...agsupport/tcb/box/end_args_int 
                                                  
l.805 \end{warningbox}
                      
? 


[19]

[20
pdfTeX warning (ext4): destination with the same identifier (name{table.2}) has
 been already used, duplicate ignored
<argument> ...shipout:D \box_use:N \l_shipout_box 
                                                  \__shipout_drop_firstpage_...
l.876 
      ]
LaTeX Font Info:    Font shape `T1/lmtt/bx/n' in size <12> not available
(Font)              Font shape `T1/lmtt/b/n' tried instead on input line 877.
LaTeX Font Info:    Font shape `T1/lmtt/bx/n' in size <10.95> not available
(Font)              Font shape `T1/lmtt/b/n' tried instead on input line 890.


[21]

[22]

[23


pdfTeX warning (ext4): destination with the same identifier (name{figure.3}) ha
s been already used, duplicate ignored
<argument> ...shipout:D \box_use:N \l_shipout_box 
                                                  \__shipout_drop_firstpage_...
l.1090 \end{landscape}
                      ]

[24

]
Underfull \hbox (badness 10000) in paragraph at lines 1205--1206
\T1/lmr/m/n/10.95 The PDF for-mal-iza-tion uses macros like \T1/lmtt/m/n/10.95 
is_from_coveredEntity(A)\T1/lmr/m/n/10.95 , \T1/lmtt/m/n/10.95 is_phi(A)\T1/lmr
/m/n/10.95 ,
 []



[25]

[26]
Underfull \hbox (badness 4291) in paragraph at lines 1284--1285
[]\T1/lmr/m/n/10.95 The dis-junc-tion \T1/lmtt/m/n/10.95 (belongs_to(Q, "adult"
) ; belongs_to(Q, "emancipated-minor"))
 []



[27]
! You can't use `\relax' after \the.
<recently read> ...support/tcb/box/begin_args_int 
                                                  
l.1322 \S
          164.506 permits disclosures under sub-sections (a), (b), or (c).
? 
! You can't use `\relax' after \the.
<recently read> ...support/tcb/box/title_args_int 
                                                  
l.1322 \S
          164.506 permits disclosures under sub-sections (a), (b), or (c).
? 
! You can't use `\relax' after \the.
<recently read> ...support/tcb/box/upper_args_int 
                                                  
l.1322 \S
          164.506 permits disclosures under sub-sections (a), (b), or (c).
? 
! You can't use `\relax' after \the.
<recently read> ...gsupport/tcb/box/draw_args_int 
                                                  
l.1323 \end{hipaabox}
                     
? 
! You can't use `\relax' after \the.
<recently read> ...port/tcb/drawing/init_args_int 
                                                  
l.1323 \end{hipaabox}
                     
? 
! You can't use `\relax' after \the.
<recently read> ...agsupport/tcb/box/end_args_int 
                                                  
l.1323 \end{hipaabox}
                     
? 
! You can't use `\relax' after \the.
<recently read> ...support/tcb/box/begin_args_int 
                                                  
l.1326 \texttt
              {permitted\_by\_164\_506(A) :- permitted\_by\_164\_506\_a(A) ;}\\

? 
! You can't use `\relax' after \the.
<recently read> ...support/tcb/box/title_args_int 
                                                  
l.1326 \texttt
              {permitted\_by\_164\_506(A) :- permitted\_by\_164\_506\_a(A) ;}\\

? 
! You can't use `\relax' after \the.
<recently read> ...support/tcb/box/upper_args_int 
                                                  
l.1326 \texttt
              {permitted\_by\_164\_506(A) :- permitted\_by\_164\_506\_a(A) ;}\\

? 
! You can't use `\relax' after \the.
<recently read> ...gsupport/tcb/box/draw_args_int 
                                                  
l.1328 \end{pdfbox}
                   
? 
! You can't use `\relax' after \the.
<recently read> ...port/tcb/drawing/init_args_int 
                                                  
l.1328 \end{pdfbox}
                   
? 
! You can't use `\relax' after \the.
<recently read> ...agsupport/tcb/box/end_args_int 
                                                  
l.1328 \end{pdfbox}
                   
? 
! You can't use `\relax' after \the.
<recently read> ...support/tcb/box/begin_args_int 
                                                  
l.1344 `
        `Except with respect to uses or disclosures that require an authoriz...

? 
! You can't use `\relax' after \the.
<recently read> ...support/tcb/box/title_args_int 
                                                  
l.1344 `
        `Except with respect to uses or disclosures that require an authoriz...

? 
! You can't use `\relax' after \the.
<recently read> ...support/tcb/box/upper_args_int 
                                                  
l.1344 `
        `Except with respect to uses or disclosures that require an authoriz...

? 
! You can't use `\relax' after \the.
<recently read> ...gsupport/tcb/box/draw_args_int 
                                                  
l.1345 \end{hipaabox}
                     
? 
! You can't use `\relax' after \the.
<recently read> ...port/tcb/drawing/init_args_int 
                                                  
l.1345 \end{hipaabox}
                     
? 
! You can't use `\relax' after \the.
<recently read> ...agsupport/tcb/box/end_args_int 
                                                  
l.1345 \end{hipaabox}
                     
? 
! You can't use `\relax' after \the.
<recently read> ...support/tcb/box/begin_args_int 
                                                  
l.1348 \texttt
              {permitted\_by\_164\_506\_a(A) :- }\\
? 
! You can't use `\relax' after \the.
<recently read> ...support/tcb/box/title_args_int 
                                                  
l.1348 \texttt
              {permitted\_by\_164\_506\_a(A) :- }\\
? 
! You can't use `\relax' after \the.
<recently read> ...support/tcb/box/upper_args_int 
                                                  
l.1348 \texttt
              {permitted\_by\_164\_506\_a(A) :- }\\
? 
! You can't use `\relax' after \the.
<recently read> ...gsupport/tcb/box/draw_args_int 
                                                  
l.1353 \end{pdfbox}
                   
? 
! You can't use `\relax' after \the.
<recently read> ...port/tcb/drawing/init_args_int 
                                                  
l.1353 \end{pdfbox}
                   
? 
! You can't use `\relax' after \the.
<recently read> ...agsupport/tcb/box/end_args_int 
                                                  
l.1353 \end{pdfbox}
                   
? 


[28]
! You can't use `\relax' after \the.
<recently read> ...support/tcb/box/begin_args_int 
                                                  
l.1370 T
        he PDF's \texttt{\textbackslash+ require\_authorization\_by\_164\_50...

? 
! You can't use `\relax' after \the.
<recently read> ...support/tcb/box/title_args_int 
                                                  
l.1370 T
        he PDF's \texttt{\textbackslash+ require\_authorization\_by\_164\_50...

? 
! You can't use `\relax' after \the.
<recently read> ...support/tcb/box/upper_args_int 
                                                  
l.1370 T
        he PDF's \texttt{\textbackslash+ require\_authorization\_by\_164\_50...

? 
! You can't use `\relax' after \the.
<recently read> ...gsupport/tcb/box/draw_args_int 
                                                  
l.1371 \end{designbox}
                      
? 
! You can't use `\relax' after \the.
<recently read> ...port/tcb/drawing/init_args_int 
                                                  
l.1371 \end{designbox}
                      
? 
! You can't use `\relax' after \the.
<recently read> ...agsupport/tcb/box/end_args_int 
                                                  
l.1371 \end{designbox}
                      
? 
! You can't use `\relax' after \the.
<recently read> ...support/tcb/box/begin_args_int 
                                                  
l.1386 `
        `A covered entity may obtain consent of the individual to use or dis...

? 
! You can't use `\relax' after \the.
<recently read> ...support/tcb/box/title_args_int 
                                                  
l.1386 `
        `A covered entity may obtain consent of the individual to use or dis...

? 
! You can't use `\relax' after \the.
<recently read> ...support/tcb/box/upper_args_int 
                                                  
l.1386 `
        `A covered entity may obtain consent of the individual to use or dis...

? 
! You can't use `\relax' after \the.
<recently read> ...gsupport/tcb/box/draw_args_int 
                                                  
l.1387 \end{hipaabox}
                     
? 
! You can't use `\relax' after \the.
<recently read> ...port/tcb/drawing/init_args_int 
                                                  
l.1387 \end{hipaabox}
                     
? 
! You can't use `\relax' after \the.
<recently read> ...agsupport/tcb/box/end_args_int 
                                                  
l.1387 \end{hipaabox}
                     
? 
! You can't use `\relax' after \the.
<recently read> ...support/tcb/box/begin_args_int 
                                                  
l.1390 \texttt
              {permitted\_by\_164\_506\_b(A) :- is\_for\_eitherPurpose(A), i...

? 
! You can't use `\relax' after \the.
<recently read> ...support/tcb/box/title_args_int 
                                                  
l.1390 \texttt
              {permitted\_by\_164\_506\_b(A) :- is\_for\_eitherPurpose(A), i...

? 
! You can't use `\relax' after \the.
<recently read> ...support/tcb/box/upper_args_int 
                                                  
l.1390 \texttt
              {permitted\_by\_164\_506\_b(A) :- is\_for\_eitherPurpose(A), i...

? 

Underfull \hbox (badness 10000) in paragraph at lines 1390--1391
[]\T1/lmtt/m/n/10.95 permitted_by_164_506_b(A) :- is_for_eitherPurpose(A),
 []

! You can't use `\relax' after \the.
<recently read> ...gsupport/tcb/box/draw_args_int 
                                                  
l.1391 \end{pdfbox}
                   
? 
! You can't use `\relax' after \the.
<recently read> ...port/tcb/drawing/init_args_int 
                                                  
l.1391 \end{pdfbox}
                   
? 
! You can't use `\relax' after \the.
<recently read> ...agsupport/tcb/box/end_args_int 
                                                  
l.1391 \end{pdfbox}
                   
? 
! You can't use `\relax' after \the.
<recently read> ...support/tcb/box/begin_args_int 
                                                  
l.1410 T
        he implementation specification is a disjunction of five sub-rules (...

? 
! You can't use `\relax' after \the.
<recently read> ...support/tcb/box/title_args_int 
                                                  
l.1410 T
        he implementation specification is a disjunction of five sub-rules (...

? 
! You can't use `\relax' after \the.
<recently read> ...support/tcb/box/upper_args_int 
                                                  
l.1410 T
        he implementation specification is a disjunction of five sub-rules (...

? 
! You can't use `\relax' after \the.
<recently read> ...gsupport/tcb/box/draw_args_int 
                                                  
l.1411 \end{hipaabox}
                     
? 


[29]
! You can't use `\relax' after \the.
<recently read> ...port/tcb/drawing/init_args_int 
                                                  
l.1411 \end{hipaabox}
                     
? 
! You can't use `\relax' after \the.
<recently read> ...agsupport/tcb/box/end_args_int 
                                                  
l.1411 \end{hipaabox}
                     
? 
! You can't use `\relax' after \the.
<recently read> ...support/tcb/box/begin_args_int 
                                                  
l.1426 `
        `A covered entity may use or disclose protected health information f...

? 
! You can't use `\relax' after \the.
<recently read> ...support/tcb/box/title_args_int 
                                                  
l.1426 `
        `A covered entity may use or disclose protected health information f...

? 
! You can't use `\relax' after \the.
<recently read> ...support/tcb/box/upper_args_int 
                                                  
l.1426 `
        `A covered entity may use or disclose protected health information f...

? 
! You can't use `\relax' after \the.
<recently read> ...gsupport/tcb/box/draw_args_int 
                                                  
l.1427 \end{hipaabox}
                     
? 
! You can't use `\relax' after \the.
<recently read> ...port/tcb/drawing/init_args_int 
                                                  
l.1427 \end{hipaabox}
                     
? 
! You can't use `\relax' after \the.
<recently read> ...agsupport/tcb/box/end_args_int 
                                                  
l.1427 \end{hipaabox}
                     
? 
! You can't use `\relax' after \the.
<recently read> ...support/tcb/box/begin_args_int 
                                                  
l.1441 `
        `Its own'' TPO means the disclosure stays within the covered entity'...

? 
! You can't use `\relax' after \the.
<recently read> ...support/tcb/box/title_args_int 
                                                  
l.1441 `
        `Its own'' TPO means the disclosure stays within the covered entity'...

? 
! You can't use `\relax' after \the.
<recently read> ...support/tcb/box/upper_args_int 
                                                  
l.1441 `
        `Its own'' TPO means the disclosure stays within the covered entity'...

? 
! You can't use `\relax' after \the.
<recently read> ...gsupport/tcb/box/draw_args_int 
                                                  
l.1442 \end{designbox}
                      
? 
! You can't use `\relax' after \the.
<recently read> ...port/tcb/drawing/init_args_int 
                                                  
l.1442 \end{designbox}
                      
? 
! You can't use `\relax' after \the.
<recently read> ...agsupport/tcb/box/end_args_int 
                                                  
l.1442 \end{designbox}
                      
? 
! You can't use `\relax' after \the.
<recently read> ...support/tcb/box/begin_args_int 
                                                  
l.1447 `
        `A covered entity may disclose protected health information for trea...

? 
! You can't use `\relax' after \the.
<recently read> ...support/tcb/box/title_args_int 
                                                  
l.1447 `
        `A covered entity may disclose protected health information for trea...

? 
! You can't use `\relax' after \the.
<recently read> ...support/tcb/box/upper_args_int 
                                                  
l.1447 `
        `A covered entity may disclose protected health information for trea...

? 
! You can't use `\relax' after \the.
<recently read> ...gsupport/tcb/box/draw_args_int 
                                                  
l.1448 \end{hipaabox}
                     
? 
! You can't use `\relax' after \the.
<recently read> ...port/tcb/drawing/init_args_int 
                                                  
l.1448 \end{hipaabox}
                     
? 
! You can't use `\relax' after \the.
<recently read> ...agsupport/tcb/box/end_args_int 
                                                  
l.1448 \end{hipaabox}
                     
? 


[30]
! You can't use `\relax' after \the.
<recently read> ...support/tcb/box/begin_args_int 
                                                  
l.1466 `
        `A covered entity may disclose protected health information to anoth...

? 
! You can't use `\relax' after \the.
<recently read> ...support/tcb/box/title_args_int 
                                                  
l.1466 `
        `A covered entity may disclose protected health information to anoth...

? 
! You can't use `\relax' after \the.
<recently read> ...support/tcb/box/upper_args_int 
                                                  
l.1466 `
        `A covered entity may disclose protected health information to anoth...

? 
! You can't use `\relax' after \the.
<recently read> ...gsupport/tcb/box/draw_args_int 
                                                  
l.1467 \end{hipaabox}
                     
? 
! You can't use `\relax' after \the.
<recently read> ...port/tcb/drawing/init_args_int 
                                                  
l.1467 \end{hipaabox}
                     
? 
! You can't use `\relax' after \the.
<recently read> ...agsupport/tcb/box/end_args_int 
                                                  
l.1467 \end{hipaabox}
                     
? 
! You can't use `\relax' after \the.
<recently read> ...support/tcb/box/begin_args_int 
                                                  
l.1485 `
        `A covered entity may disclose protected health information to anoth...

? 
! You can't use `\relax' after \the.
<recently read> ...support/tcb/box/title_args_int 
                                                  
l.1485 `
        `A covered entity may disclose protected health information to anoth...

? 
! You can't use `\relax' after \the.
<recently read> ...support/tcb/box/upper_args_int 
                                                  
l.1485 `
        `A covered entity may disclose protected health information to anoth...

? 
! You can't use `\relax' after \the.
<recently read> ...gsupport/tcb/box/draw_args_int 
                                                  
l.1486 \end{hipaabox}
                     
? 
! You can't use `\relax' after \the.
<recently read> ...port/tcb/drawing/init_args_int 
                                                  
l.1486 \end{hipaabox}
                     
? 
! You can't use `\relax' after \the.
<recently read> ...agsupport/tcb/box/end_args_int 
                                                  
l.1486 \end{hipaabox}
                     
? 


[31]
! You can't use `\relax' after \the.
<recently read> ...support/tcb/box/begin_args_int 
                                                  
l.1517 T
        he PDF uses temporal logic (``has or had a relationship,'' written a...

? 
! You can't use `\relax' after \the.
<recently read> ...support/tcb/box/title_args_int 
                                                  
l.1517 T
        he PDF uses temporal logic (``has or had a relationship,'' written a...

? 
! You can't use `\relax' after \the.
<recently read> ...support/tcb/box/upper_args_int 
                                                  
l.1517 T
        he PDF uses temporal logic (``has or had a relationship,'' written a...

? 

Underfull \hbox (badness 10000) in paragraph at lines 1517--1518
[]\T1/lmr/m/n/10.95 The PDF uses tem-po-ral logic (``has or had a re-la-tion-sh
ip,'' writ-ten as
 []


Underfull \hbox (badness 2435) in paragraph at lines 1517--1518
\U/msa/m/n/10.95 ^^F[]\OT1/lmr/m/n/10.95 (\OML/lmm/m/it/10.95 p[]; r[]; q\OT1/l
mr/m/n/10.95 )$\T1/lmr/m/n/10.95 ) to ex-press that the re-la-tion-ship ex-iste
d at some past
 []

! You can't use `\relax' after \the.
<recently read> ...gsupport/tcb/box/draw_args_int 
                                                  
l.1518 \end{designbox}
                      
? 
! You can't use `\relax' after \the.
<recently read> ...port/tcb/drawing/init_args_int 
                                                  
l.1518 \end{designbox}
                      
? 
! You can't use `\relax' after \the.
<recently read> ...agsupport/tcb/box/end_args_int 
                                                  
l.1518 \end{designbox}
                      
? 
! You can't use `\relax' after \the.
<recently read> ...support/tcb/box/begin_args_int 
                                                  
l.1523 `
        `A covered entity that participates in an organized health care arra...

? 
! You can't use `\relax' after \the.
<recently read> ...support/tcb/box/title_args_int 
                                                  
l.1523 `
        `A covered entity that participates in an organized health care arra...

? 
! You can't use `\relax' after \the.
<recently read> ...support/tcb/box/upper_args_int 
                                                  
l.1523 `
        `A covered entity that participates in an organized health care arra...

? 
! You can't use `\relax' after \the.
<recently read> ...gsupport/tcb/box/draw_args_int 
                                                  
l.1524 \end{hipaabox}
                     
? 
! You can't use `\relax' after \the.
<recently read> ...port/tcb/drawing/init_args_int 
                                                  
l.1524 \end{hipaabox}
                     
? 
! You can't use `\relax' after \the.
<recently read> ...agsupport/tcb/box/end_args_int 
                                                  
l.1524 \end{hipaabox}
                     
? 


[32]
! You can't use `\relax' after \the.
<recently read> ...support/tcb/box/begin_args_int 
                                                  
l.1569 S
        ub-section (b) (minimum necessary) is deliberately \emph{not} an ind...

? 
! You can't use `\relax' after \the.
<recently read> ...support/tcb/box/title_args_int 
                                                  
l.1569 S
        ub-section (b) (minimum necessary) is deliberately \emph{not} an ind...

? 
! You can't use `\relax' after \the.
<recently read> ...support/tcb/box/upper_args_int 
                                                  
l.1569 S
        ub-section (b) (minimum necessary) is deliberately \emph{not} an ind...

? 
! You can't use `\relax' after \the.
<recently read> ...gsupport/tcb/box/draw_args_int 
                                                  
l.1570 \end{designbox}
                      
? 
! You can't use `\relax' after \the.
<recently read> ...port/tcb/drawing/init_args_int 
                                                  
l.1570 \end{designbox}
                      
? 
! You can't use `\relax' after \the.
<recently read> ...agsupport/tcb/box/end_args_int 
                                                  
l.1570 \end{designbox}
                      
? 
! You can't use `\relax' after \the.
<recently read> ...support/tcb/box/begin_args_int 
                                                  
l.1575 `
        `A covered entity may not use or disclose protected health informati...

? 
! You can't use `\relax' after \the.
<recently read> ...support/tcb/box/title_args_int 
                                                  
l.1575 `
        `A covered entity may not use or disclose protected health informati...

? 
! You can't use `\relax' after \the.
<recently read> ...support/tcb/box/upper_args_int 
                                                  
l.1575 `
        `A covered entity may not use or disclose protected health informati...

? 
! You can't use `\relax' after \the.
<recently read> ...gsupport/tcb/box/draw_args_int 
                                                  
l.1576 \end{hipaabox}
                     
? 
! You can't use `\relax' after \the.
<recently read> ...port/tcb/drawing/init_args_int 
                                                  
l.1576 \end{hipaabox}
                     
? 
! You can't use `\relax' after \the.
<recently read> ...agsupport/tcb/box/end_args_int 
                                                  
l.1576 \end{hipaabox}
                     
? 


[33]
! You can't use `\relax' after \the.
<recently read> ...support/tcb/box/begin_args_int 
                                                  
l.1627 `
        `To the individual.''
? 
! You can't use `\relax' after \the.
<recently read> ...support/tcb/box/title_args_int 
                                                  
l.1627 `
        `To the individual.''
? 
! You can't use `\relax' after \the.
<recently read> ...support/tcb/box/upper_args_int 
                                                  
l.1627 `
        `To the individual.''
? 
! You can't use `\relax' after \the.
<recently read> ...gsupport/tcb/box/draw_args_int 
                                                  
l.1628 \end{hipaabox}
                     
? 
! You can't use `\relax' after \the.
<recently read> ...port/tcb/drawing/init_args_int 
                                                  
l.1628 \end{hipaabox}
                     
? 
! You can't use `\relax' after \the.
<recently read> ...agsupport/tcb/box/end_args_int 
                                                  
l.1628 \end{hipaabox}
                     
? 
! You can't use `\relax' after \the.
<recently read> ...support/tcb/box/begin_args_int 
                                                  
l.1631 $
        \varphi^+_{164.502a1i}$: \texttt{activerole}$(p_1, \text{covered-ent...

? 
! You can't use `\relax' after \the.
<recently read> ...support/tcb/box/title_args_int 
                                                  
l.1631 $
        \varphi^+_{164.502a1i}$: \texttt{activerole}$(p_1, \text{covered-ent...

? 
! You can't use `\relax' after \the.
<recently read> ...support/tcb/box/upper_args_int 
                                                  
l.1631 $
        \varphi^+_{164.502a1i}$: \texttt{activerole}$(p_1, \text{covered-ent...

? 
! You can't use `\relax' after \the.
<recently read> ...gsupport/tcb/box/draw_args_int 
                                                  
l.1633 \end{pdfbox}
                   
? 
! You can't use `\relax' after \the.
<recently read> ...port/tcb/drawing/init_args_int 
                                                  
l.1633 \end{pdfbox}
                   
? 
! You can't use `\relax' after \the.
<recently read> ...agsupport/tcb/box/end_args_int 
                                                  
l.1633 \end{pdfbox}
                   
? 
! You can't use `\relax' after \the.
<recently read> ...support/tcb/box/begin_args_int 
                                                  
l.1647 T
        he notation $p_2 \approx q$ from the PDF is translated as \texttt{(p...

? 
! You can't use `\relax' after \the.
<recently read> ...support/tcb/box/title_args_int 
                                                  
l.1647 T
        he notation $p_2 \approx q$ from the PDF is translated as \texttt{(p...

? 
! You can't use `\relax' after \the.
<recently read> ...support/tcb/box/upper_args_int 
                                                  
l.1647 T
        he notation $p_2 \approx q$ from the PDF is translated as \texttt{(p...

? 

Underfull \hbox (badness 10000) in paragraph at lines 1647--1648
[]\T1/lmr/m/n/10.95 The no-ta-tion $\OML/lmm/m/it/10.95 p[] \OMS/lmsy/m/n/10.95
 ^^Y \OML/lmm/m/it/10.95 q$ \T1/lmr/m/n/10.95 from the PDF is trans-lated as \T
1/lmtt/m/n/10.95 (p2 = q ;
 []

! You can't use `\relax' after \the.
<recently read> ...gsupport/tcb/box/draw_args_int 
                                                  
l.1648 \end{designbox}
                      
? 


[34]
! You can't use `\relax' after \the.
<recently read> ...port/tcb/drawing/init_args_int 
                                                  
l.1648 \end{designbox}
                      
? 
! You can't use `\relax' after \the.
<recently read> ...agsupport/tcb/box/end_args_int 
                                                  
l.1648 \end{designbox}
                      
? 
! You can't use `\relax' after \the.
<recently read> ...support/tcb/box/begin_args_int 
                                                  
l.1654 `
        `For treatment, payment, or health care operations, as permitted by ...

? 
! You can't use `\relax' after \the.
<recently read> ...support/tcb/box/title_args_int 
                                                  
l.1654 `
        `For treatment, payment, or health care operations, as permitted by ...

? 
! You can't use `\relax' after \the.
<recently read> ...support/tcb/box/upper_args_int 
                                                  
l.1654 `
        `For treatment, payment, or health care operations, as permitted by ...

? 
! You can't use `\relax' after \the.
<recently read> ...gsupport/tcb/box/draw_args_int 
                                                  
l.1655 \end{hipaabox}
                     
? 
! You can't use `\relax' after \the.
<recently read> ...port/tcb/drawing/init_args_int 
                                                  
l.1655 \end{hipaabox}
                     
? 
! You can't use `\relax' after \the.
<recently read> ...agsupport/tcb/box/end_args_int 
                                                  
l.1655 \end{hipaabox}
                     
? 
! You can't use `\relax' after \the.
<recently read> ...support/tcb/box/begin_args_int 
                                                  
l.1669 `
        `Incident to a use or disclosure otherwise permitted or required by ...

? 
! You can't use `\relax' after \the.
<recently read> ...support/tcb/box/title_args_int 
                                                  
l.1669 `
        `Incident to a use or disclosure otherwise permitted or required by ...

? 
! You can't use `\relax' after \the.
<recently read> ...support/tcb/box/upper_args_int 
                                                  
l.1669 `
        `Incident to a use or disclosure otherwise permitted or required by ...

? 
! You can't use `\relax' after \the.
<recently read> ...gsupport/tcb/box/draw_args_int 
                                                  
l.1670 \end{hipaabox}
                     
? 
! You can't use `\relax' after \the.
<recently read> ...port/tcb/drawing/init_args_int 
                                                  
l.1670 \end{hipaabox}
                     
? 
! You can't use `\relax' after \the.
<recently read> ...agsupport/tcb/box/end_args_int 
                                                  
l.1670 \end{hipaabox}
                     
? 
! You can't use `\relax' after \the.
<recently read> ...support/tcb/box/begin_args_int 
                                                  
l.1689 `
        `Pursuant to and in compliance with a valid authorization under \S 1...

? 
! You can't use `\relax' after \the.
<recently read> ...support/tcb/box/title_args_int 
                                                  
l.1689 `
        `Pursuant to and in compliance with a valid authorization under \S 1...

? 
! You can't use `\relax' after \the.
<recently read> ...support/tcb/box/upper_args_int 
                                                  
l.1689 `
        `Pursuant to and in compliance with a valid authorization under \S 1...

? 
! You can't use `\relax' after \the.
<recently read> ...gsupport/tcb/box/draw_args_int 
                                                  
l.1690 \end{hipaabox}
                     
? 


[35]
! You can't use `\relax' after \the.
<recently read> ...port/tcb/drawing/init_args_int 
                                                  
l.1690 \end{hipaabox}
                     
? 
! You can't use `\relax' after \the.
<recently read> ...agsupport/tcb/box/end_args_int 
                                                  
l.1690 \end{hipaabox}
                     
? 
! You can't use `\relax' after \the.
<recently read> ...support/tcb/box/begin_args_int 
                                                  
l.1729 `
        `To an individual, when requested under \S 164.524 or \S 164.528.''
? 
! You can't use `\relax' after \the.
<recently read> ...support/tcb/box/title_args_int 
                                                  
l.1729 `
        `To an individual, when requested under \S 164.524 or \S 164.528.''
? 
! You can't use `\relax' after \the.
<recently read> ...support/tcb/box/upper_args_int 
                                                  
l.1729 `
        `To an individual, when requested under \S 164.524 or \S 164.528.''
? 
! You can't use `\relax' after \the.
<recently read> ...gsupport/tcb/box/draw_args_int 
                                                  
l.1730 \end{hipaabox}
                     
? 
! You can't use `\relax' after \the.
<recently read> ...port/tcb/drawing/init_args_int 
                                                  
l.1730 \end{hipaabox}
                     
? 
! You can't use `\relax' after \the.
<recently read> ...agsupport/tcb/box/end_args_int 
                                                  
l.1730 \end{hipaabox}
                     
? 


[36]
! You can't use `\relax' after \the.
<recently read> ...support/tcb/box/begin_args_int 
                                                  
l.1746 `
        `To the Secretary under subpart C of part 160 of this subchapter, wh...

? 
! You can't use `\relax' after \the.
<recently read> ...support/tcb/box/title_args_int 
                                                  
l.1746 `
        `To the Secretary under subpart C of part 160 of this subchapter, wh...

? 
! You can't use `\relax' after \the.
<recently read> ...support/tcb/box/upper_args_int 
                                                  
l.1746 `
        `To the Secretary under subpart C of part 160 of this subchapter, wh...

? 
! You can't use `\relax' after \the.
<recently read> ...gsupport/tcb/box/draw_args_int 
                                                  
l.1747 \end{hipaabox}
                     
? 
! You can't use `\relax' after \the.
<recently read> ...port/tcb/drawing/init_args_int 
                                                  
l.1747 \end{hipaabox}
                     
? 
! You can't use `\relax' after \the.
<recently read> ...agsupport/tcb/box/end_args_int 
                                                  
l.1747 \end{hipaabox}
                     
? 
! You can't use `\relax' after \the.
<recently read> ...support/tcb/box/begin_args_int 
                                                  
l.1764 T
        he PDF requires \texttt{permitted\_by\_160\_C(A)}, but since that is...

? 
! You can't use `\relax' after \the.
<recently read> ...support/tcb/box/title_args_int 
                                                  
l.1764 T
        he PDF requires \texttt{permitted\_by\_160\_C(A)}, but since that is...

? 
! You can't use `\relax' after \the.
<recently read> ...support/tcb/box/upper_args_int 
                                                  
l.1764 T
        he PDF requires \texttt{permitted\_by\_160\_C(A)}, but since that is...

? 
! You can't use `\relax' after \the.
<recently read> ...gsupport/tcb/box/draw_args_int 
                                                  
l.1765 \end{designbox}
                      
? 
! You can't use `\relax' after \the.
<recently read> ...port/tcb/drawing/init_args_int 
                                                  
l.1765 \end{designbox}
                      
? 
! You can't use `\relax' after \the.
<recently read> ...agsupport/tcb/box/end_args_int 
                                                  
l.1765 \end{designbox}
                      
? 
! You can't use `\relax' after \the.
<recently read> ...support/tcb/box/begin_args_int 
                                                  
l.1771 `
        `When using or disclosing protected health information or when reque...

? 
! You can't use `\relax' after \the.
<recently read> ...support/tcb/box/title_args_int 
                                                  
l.1771 `
        `When using or disclosing protected health information or when reque...

? 
! You can't use `\relax' after \the.
<recently read> ...support/tcb/box/upper_args_int 
                                                  
l.1771 `
        `When using or disclosing protected health information or when reque...

? 
! You can't use `\relax' after \the.
<recently read> ...gsupport/tcb/box/draw_args_int 
                                                  
l.1772 \end{hipaabox}
                     
? 
! You can't use `\relax' after \the.
<recently read> ...port/tcb/drawing/init_args_int 
                                                  
l.1772 \end{hipaabox}
                     
? 
! You can't use `\relax' after \the.
<recently read> ...agsupport/tcb/box/end_args_int 
                                                  
l.1772 \end{hipaabox}
                     
? 
! You can't use `\relax' after \the.
<recently read> ...support/tcb/box/begin_args_int 
                                                  
l.1775 T
        his is a \textbf{CONSTRAINT}, not an independent permission pathway....

? 
! You can't use `\relax' after \the.
<recently read> ...support/tcb/box/title_args_int 
                                                  
l.1775 T
        his is a \textbf{CONSTRAINT}, not an independent permission pathway....

? 
! You can't use `\relax' after \the.
<recently read> ...support/tcb/box/upper_args_int 
                                                  
l.1775 T
        his is a \textbf{CONSTRAINT}, not an independent permission pathway....

? 
! You can't use `\relax' after \the.
<recently read> ...gsupport/tcb/box/draw_args_int 
                                                  
l.1776 \end{warningbox}
                       
? 
! You can't use `\relax' after \the.
<recently read> ...port/tcb/drawing/init_args_int 
                                                  
l.1776 \end{warningbox}
                       
? 
! You can't use `\relax' after \the.
<recently read> ...agsupport/tcb/box/end_args_int 
                                                  
l.1776 \end{warningbox}
                       
? 


[37]
! You can't use `\relax' after \the.
<recently read> ...support/tcb/box/begin_args_int 
                                                  
l.1830 \S
          164.502(d)(1): A covered entity may use PHI to create de-identifie...

? 
! You can't use `\relax' after \the.
<recently read> ...support/tcb/box/title_args_int 
                                                  
l.1830 \S
          164.502(d)(1): A covered entity may use PHI to create de-identifie...

? 
! You can't use `\relax' after \the.
<recently read> ...support/tcb/box/upper_args_int 
                                                  
l.1830 \S
          164.502(d)(1): A covered entity may use PHI to create de-identifie...

? 
! You can't use `\relax' after \the.
<recently read> ...gsupport/tcb/box/draw_args_int 
                                                  
l.1832 \end{hipaabox}
                     
? 
! You can't use `\relax' after \the.
<recently read> ...port/tcb/drawing/init_args_int 
                                                  
l.1832 \end{hipaabox}
                     
? 
! You can't use `\relax' after \the.
<recently read> ...agsupport/tcb/box/end_args_int 
                                                  
l.1832 \end{hipaabox}
                     
? 


[38]
! You can't use `\relax' after \the.
<recently read> ...support/tcb/box/begin_args_int 
                                                  
l.1856 S
        ub-section (d)(2) uses \texttt{is\_dii(t)} instead of \texttt{is\_ph...

? 
! You can't use `\relax' after \the.
<recently read> ...support/tcb/box/title_args_int 
                                                  
l.1856 S
        ub-section (d)(2) uses \texttt{is\_dii(t)} instead of \texttt{is\_ph...

? 
! You can't use `\relax' after \the.
<recently read> ...support/tcb/box/upper_args_int 
                                                  
l.1856 S
        ub-section (d)(2) uses \texttt{is\_dii(t)} instead of \texttt{is\_ph...

? 
! You can't use `\relax' after \the.
<recently read> ...gsupport/tcb/box/draw_args_int 
                                                  
l.1857 \end{designbox}
                      
? 
! You can't use `\relax' after \the.
<recently read> ...port/tcb/drawing/init_args_int 
                                                  
l.1857 \end{designbox}
                      
? 
! You can't use `\relax' after \the.
<recently read> ...agsupport/tcb/box/end_args_int 
                                                  
l.1857 \end{designbox}
                      
? 
! You can't use `\relax' after \the.
<recently read> ...support/tcb/box/begin_args_int 
                                                  
l.1863 `
        `A covered entity may disclose protected health information to a bus...

? 
! You can't use `\relax' after \the.
<recently read> ...support/tcb/box/title_args_int 
                                                  
l.1863 `
        `A covered entity may disclose protected health information to a bus...

? 
! You can't use `\relax' after \the.
<recently read> ...support/tcb/box/upper_args_int 
                                                  
l.1863 `
        `A covered entity may disclose protected health information to a bus...

? 
! You can't use `\relax' after \the.
<recently read> ...gsupport/tcb/box/draw_args_int 
                                                  
l.1864 \end{hipaabox}
                     
? 
! You can't use `\relax' after \the.
<recently read> ...port/tcb/drawing/init_args_int 
                                                  
l.1864 \end{hipaabox}
                     
? 
! You can't use `\relax' after \the.
<recently read> ...agsupport/tcb/box/end_args_int 
                                                  
l.1864 \end{hipaabox}
                     
? 


[39]
! You can't use `\relax' after \the.
<recently read> ...support/tcb/box/begin_args_int 
                                                  
l.1944 `
        `A covered entity is not considered to have violated the requirement...

? 
! You can't use `\relax' after \the.
<recently read> ...support/tcb/box/title_args_int 
                                                  
l.1944 `
        `A covered entity is not considered to have violated the requirement...

? 
! You can't use `\relax' after \the.
<recently read> ...support/tcb/box/upper_args_int 
                                                  
l.1944 `
        `A covered entity is not considered to have violated the requirement...

? 
! You can't use `\relax' after \the.
<recently read> ...gsupport/tcb/box/draw_args_int 
                                                  
l.1945 \end{hipaabox}
                     
? 


[40]
! You can't use `\relax' after \the.
<recently read> ...port/tcb/drawing/init_args_int 
                                                  
l.1945 \end{hipaabox}
                     
? 
! You can't use `\relax' after \the.
<recently read> ...agsupport/tcb/box/end_args_int 
                                                  
l.1945 \end{hipaabox}
                     
? 
! You can't use `\relax' after \the.
<recently read> ...support/tcb/box/begin_args_int 
                                                  
l.1968 N
        ote the existential variable \texttt{CE}: the rule says ``there exis...

? 
! You can't use `\relax' after \the.
<recently read> ...support/tcb/box/title_args_int 
                                                  
l.1968 N
        ote the existential variable \texttt{CE}: the rule says ``there exis...

? 
! You can't use `\relax' after \the.
<recently read> ...support/tcb/box/upper_args_int 
                                                  
l.1968 N
        ote the existential variable \texttt{CE}: the rule says ``there exis...

? 
! You can't use `\relax' after \the.
<recently read> ...gsupport/tcb/box/draw_args_int 
                                                  
l.1969 \end{designbox}
                      
? 
! You can't use `\relax' after \the.
<recently read> ...port/tcb/drawing/init_args_int 
                                                  
l.1969 \end{designbox}
                      
? 
! You can't use `\relax' after \the.
<recently read> ...agsupport/tcb/box/end_args_int 
                                                  
l.1969 \end{designbox}
                      
? 
! You can't use `\relax' after \the.
<recently read> ...support/tcb/box/begin_args_int 
                                                  
l.1974 `
        `A covered entity is not considered to have violated the requirement...

? 
! You can't use `\relax' after \the.
<recently read> ...support/tcb/box/title_args_int 
                                                  
l.1974 `
        `A covered entity is not considered to have violated the requirement...

? 
! You can't use `\relax' after \the.
<recently read> ...support/tcb/box/upper_args_int 
                                                  
l.1974 `
        `A covered entity is not considered to have violated the requirement...

? 
! You can't use `\relax' after \the.
<recently read> ...gsupport/tcb/box/draw_args_int 
                                                  
l.1975 \end{hipaabox}
                     
? 
! You can't use `\relax' after \the.
<recently read> ...port/tcb/drawing/init_args_int 
                                                  
l.1975 \end{hipaabox}
                     
? 
! You can't use `\relax' after \the.
<recently read> ...agsupport/tcb/box/end_args_int 
                                                  
l.1975 \end{hipaabox}
                     
? 


[41]
Underfull \hbox (badness 10000) in paragraph at lines 2017--2017
[]|\T1/lmr/m/n/10.95 Positive rules: hi-er-ar-chy clo-sures (\T1/lmtt/m/n/10.95
 role_subtype\T1/lmr/m/n/10.95 , \T1/lmtt/m/n/10.95 attr_subtype\T1/lmr/m/n/10.
95 ,
 []


Underfull \hbox (badness 10000) in paragraph at lines 2017--2017
[]|\T1/lmr/m/n/10.95 Negation rules: \T1/lmtt/m/n/10.95 permitted_by_164_506_a 
\T1/lmr/m/n/10.95 (negates au-tho-riza-tion),
 []


Underfull \hbox (badness 3000) in paragraph at lines 2017--2017
\T1/lmtt/m/n/10.95 permitted_by_164_502_e \T1/lmr/m/n/10.95 (negates ex-clu-sio
ns), \T1/lmtt/m/n/10.95 is_personal_representative
 []


Underfull \hbox (badness 10000) in paragraph at lines 2028--2029
[]\T1/lmr/bx/n/10.95 Personal rep-re-sen-ta-tive\T1/lmr/m/n/10.95 : \T1/lmtt/m/
n/10.95 !abuse_exception(P, Q) \T1/lmr/m/n/10.95 and \T1/lmtt/m/n/10.95 !minor_
acts_as_
 []



[42
pdfTeX warning (ext4): destination with the same identifier (name{table.3}) has
 been already used, duplicate ignored
<argument> ...shipout:D \box_use:N \l_shipout_box 
                                                  \__shipout_drop_firstpage_...
l.2031 \end{enumerate}
                      ]

[43{/usr/local/texlive/2025basic/texmf-dist/fonts/enc/dvips/lm/lm-mathex.enc}]

[44]

[45]

LaTeX Font Warning: Font shape `T1/lmtt/bx/it' in size <9> not available
(Font)              Font shape `T1/lmtt/b/sl' tried instead on input line 2188.




[46]
Underfull \hbox (badness 3679) in paragraph at lines 2271--2272
\T1/lmr/m/n/10.95 The fact database (\T1/lmtt/m/n/10.95 hipaa_facts.dl\T1/lmr/m
/n/10.95 ) de-fines 10 test sce-nar-ios. Each sce-nario is a
 []


Underfull \hbox (badness 10000) in paragraph at lines 2320--2320
[]|\T1/lmr/m/n/10.95 De-identified info (sta-tis-ti-cal
 []



[47
pdfTeX warning (ext4): destination with the same identifier (name{table.4}) has
 been already used, duplicate ignored
<argument> ...shipout:D \box_use:N \l_shipout_box 
                                                  \__shipout_drop_firstpage_...
l.2326 \end{longtable}
                      
pdfTeX warning (ext4): destination with the same identifier (name{table.5}) has
 been already used, duplicate ignored
<argument> ...shipout:D \box_use:N \l_shipout_box 
                                                  \__shipout_drop_firstpage_...
l.2326 \end{longtable}
                      ]
Underfull \hbox (badness 5832) in paragraph at lines 2345--2346
[]\T1/lmr/m/n/10.95 Propagates up through \T1/lmtt/m/n/10.95 permitted_by_164_5
06_c $\OMS/lmsy/m/n/10.95 !$ \T1/lmtt/m/n/10.95 permitted_by_164_506_a $\OMS/lm
sy/m/n/10.95 !$
 []



[48]
Underfull \hbox (badness 10000) in paragraph at lines 2380--2381
[]\T1/lmtt/m/n/10.95 is_personal_representative("parent_frank", "patient_charli
e") \T1/lmr/m/n/10.95 via Ÿ502(g)(3):
 []



[49]

[50]

[51]

[52]
Underfull \hbox (badness 10000) in paragraph at lines 2563--2564
[]\T1/lmr/m/n/10.95 In the Dat-a-log for-mal-iza-tion, this block-ing is im-ple
-mented through the pred-i-cate
 []



[53]
! You can't use `\relax' after \the.
<recently read> ...support/tcb/box/begin_args_int 
                                                  
l.2638 T
        here is a design subtlety here. The \S 506 rules are structured so t...

? 
! You can't use `\relax' after \the.
<recently read> ...support/tcb/box/title_args_int 
                                                  
l.2638 T
        here is a design subtlety here. The \S 506 rules are structured so t...

? 
! You can't use `\relax' after \the.
<recently read> ...support/tcb/box/upper_args_int 
                                                  
l.2638 T
        here is a design subtlety here. The \S 506 rules are structured so t...

? 
! You can't use `\relax' after \the.
<recently read> ...gsupport/tcb/box/draw_args_int 
                                                  
l.2639 \end{designbox}
                      
? 
! You can't use `\relax' after \the.
<recently read> ...port/tcb/drawing/init_args_int 
                                                  
l.2639 \end{designbox}
                      
? 


[54]
! You can't use `\relax' after \the.
<recently read> ...port/tcb/drawing/init_args_int 
                                                  
l.2639 \end{designbox}
                      
? 
! You can't use `\relax' after \the.
<recently read> ...agsupport/tcb/box/end_args_int 
                                                  
l.2639 \end{designbox}
                      
? 


[55]

[56]

[57]
Underfull \hbox (badness 1033) in paragraph at lines 2793--2794
[]\T1/lmr/m/n/10.95 Each sub-rule fol-lows the same pat-tern: check that the se
nder is a cov-ered en-tity, the
 []


Underfull \hbox (badness 2409) in paragraph at lines 2793--2794
\T1/lmr/m/n/10.95 in-for-ma-tion is PHI, the re-cip-i-ent has the ap-pro-pri-at
e role, and the pur-pose matches.
 []


Underfull \hbox (badness 10000) in paragraph at lines 2793--2794
\T1/lmr/m/n/10.95 Most con-di-tions in-volve or-a-cle pred-i-cates (e.g., \T1/l
mtt/m/n/10.95 is_authorized_by_law_for_purpose\T1/lmr/m/n/10.95 ,
 []



[58]

[59]

[60]
Underfull \hbox (badness 10000) in paragraph at lines 2912--2913
[]\T1/lmr/m/n/10.95 A qual-i-fied sta-tis-ti-cal ex-pert de-ter-mines that
 []


Underfull \hbox (badness 10000) in paragraph at lines 2912--2913
\T1/lmr/m/n/10.95 the risk of iden-ti-fi-ca-tion is very small. Mod-eled as the
 or-a-cle pred-i-cate
 []



[61]

[62]
Underfull \hbox (badness 10000) in paragraph at lines 3027--3028
[]\T1/lmr/m/n/10.95 All de-nial grounds use or-a-cle pred-i-cates (e.g., \T1/lm
tt/m/n/10.95 determines_access_would_endanger\T1/lmr/m/n/10.95 ,
 []


Underfull \hbox (badness 1275) in paragraph at lines 3027--3028
\T1/lmtt/m/n/10.95 determines_likely_to_cause_harm_to_other\T1/lmr/m/n/10.95 ),
 be-cause they in-volve pro-fes-sional judg-ment
 []



[63]

LaTeX Font Warning: Font shape `T1/lmtt/bx/it' in size <10> not available
(Font)              Font shape `T1/lmtt/b/sl' tried instead on input line 3072.




[64
pdfTeX warning (ext4): destination with the same identifier (name{table.7}) has
 been already used, duplicate ignored
<argument> ...shipout:D \box_use:N \l_shipout_box 
                                                  \__shipout_drop_firstpage_...
l.3096   \item[GoldCoin test cases (28 cases):]
                                                Based on real court cases in...
]
! You can't use `\relax' after \the.
<recently read> ...support/tcb/box/begin_args_int 
                                                  
l.3100 T
        he GoldCoin test cases are particularly valuable because they valida...

? 
! You can't use `\relax' after \the.
<recently read> ...support/tcb/box/title_args_int 
                                                  
l.3100 T
        he GoldCoin test cases are particularly valuable because they valida...

? 
! You can't use `\relax' after \the.
<recently read> ...support/tcb/box/upper_args_int 
                                                  
l.3100 T
        he GoldCoin test cases are particularly valuable because they valida...

? 
! You can't use `\relax' after \the.
<recently read> ...gsupport/tcb/box/draw_args_int 
                                                  
l.3101 \end{designbox}
                      
? 
! You can't use `\relax' after \the.
<recently read> ...port/tcb/drawing/init_args_int 
                                                  
l.3101 \end{designbox}
                      
? 
! You can't use `\relax' after \the.
<recently read> ...agsupport/tcb/box/end_args_int 
                                                  
l.3101 \end{designbox}
                      
? 


[65]

[66]

[67]

[68]

[69] (./hipaa_formalization_guide_v2.aux)
 ***********
LaTeX2e <2024-11-01> patch level 2
L3 programming layer <2025-01-18>
 ***********


LaTeX Warning: Label(s) may have changed. Rerun to get cross-references right.

Package rerunfilecheck Info: File `hipaa_formalization_guide_v2.out' has not ch
anged.
(rerunfilecheck)             Checksum: AF1995195F0CA2C4D9E1C0EA87C68AAC;37724.
 ) 
Here is how much of TeX's memory you used:
 44313 strings out of 474662
 947197 string characters out of 5751110
 1808741 words of memory out of 5000000
 65340 multiletter control sequences out of 15000+600000
 645946 words of font info for 109 fonts, out of 8000000 for 9000
 319 hyphenation exceptions out of 8191
 130i,13n,124p,1625b,2550s stack positions out of 10000i,1000n,20000p,200000b,200000s
</usr/local/texlive/2025basic/texmf-dist/fonts/type1/public/lm/lmbx10.pfb></u
sr/local/texlive/2025basic/texmf-dist/fonts/type1/public/lm/lmbx12.pfb></usr/lo
cal/texlive/2025basic/texmf-dist/fonts/type1/public/lm/lmbx8.pfb></usr/local/te
xlive/2025basic/texmf-dist/fonts/type1/public/lm/lmbx9.pfb></usr/local/texlive/
2025basic/texmf-dist/fonts/type1/public/lm/lmex10.pfb></usr/local/texlive/2025b
asic/texmf-dist/fonts/type1/public/lm/lmmi10.pfb></usr/local/texlive/2025basic/
texmf-dist/fonts/type1/public/lm/lmmi8.pfb></usr/local/texlive/2025basic/texmf-
dist/fonts/type1/public/lm/lmr10.pfb></usr/local/texlive/2025basic/texmf-dist/f
onts/type1/public/lm/lmr12.pfb></usr/local/texlive/2025basic/texmf-dist/fonts/t
ype1/public/lm/lmr6.pfb></usr/local/texlive/2025basic/texmf-dist/fonts/type1/pu
blic/lm/lmr8.pfb></usr/local/texlive/2025basic/texmf-dist/fonts/type1/public/lm
/lmr9.pfb></usr/local/texlive/2025basic/texmf-dist/fonts/type1/public/lm/lmri10
.pfb></usr/local/texlive/2025basic/texmf-dist/fonts/type1/public/lm/lmsy10.pfb>
</usr/local/texlive/2025basic/texmf-dist/fonts/type1/public/lm/lmsy8.pfb></usr/
local/texlive/2025basic/texmf-dist/fonts/type1/public/lm/lmtk10.pfb></usr/local
/texlive/2025basic/texmf-dist/fonts/type1/public/lm/lmtko10.pfb></usr/local/tex
live/2025basic/texmf-dist/fonts/type1/public/lm/lmtt10.pfb></usr/local/texlive/
2025basic/texmf-dist/fonts/type1/public/lm/lmtt8.pfb></usr/local/texlive/2025ba
sic/texmf-dist/fonts/type1/public/lm/lmtt9.pfb></usr/local/texlive/2025basic/te
xmf-dist/fonts/type1/public/lm/lmtti10.pfb></usr/local/texlive/2025basic/texmf-
dist/fonts/type1/public/amsfonts/symbols/msam10.pfb></usr/local/texlive/2025bas
ic/texmf-dist/fonts/type1/public/cm-super/sfrm1095.pfb>
Output written on hipaa_formalization_guide_v2.pdf (69 pages, 779180 bytes).
PDF statistics:
 2731 PDF objects out of 2984 (max. 8388607)
 2585 compressed objects within 26 object streams
 1399 named destinations out of 1440 (max. 500000)
 1325 words of extra memory for PDF output out of 10000 (max. 10000000)

